url,alpha3,file_url,name,license
/wiki/Afghanistan,AFG,//upload.wikimedia.org/wikipedia/commons/9/9a/Flag_of_Afghanistan.svg,Afghanistan,Public domain
/wiki/%C3%85land_Islands,ALA,//upload.wikimedia.org/wikipedia/commons/5/52/Flag_of_%C3%85land.svg,Åland Islands,Public domain
/wiki/Albania,ALB,//upload.wikimedia.org/wikipedia/commons/3/36/Flag_of_Albania.svg,Albania,Public domain
/wiki/Algeria,DZA,//upload.wikimedia.org/wikipedia/commons/7/77/Flag_of_Algeria.svg,Algeria,Public domain
/wiki/American_Samoa,ASM,//upload.wikimedia.org/wikipedia/commons/8/87/Flag_of_American_Samoa.svg,American Samoa,Public domain
/wiki/Andorra,AND,//upload.wikimedia.org/wikipedia/commons/1/19/Flag_of_Andorra.svg,Andorra,Public domain
/wiki/Angola,AGO,//upload.wikimedia.org/wikipedia/commons/9/9d/Flag_of_Angola.svg,Angola,Public domain
/wiki/Anguilla,AIA,//upload.wikimedia.org/wikipedia/commons/b/b4/Flag_of_Anguilla.svg,Anguilla,Public domain
/wiki/Antigua_and_Barbuda,ATG,//upload.wikimedia.org/wikipedia/commons/8/89/Flag_of_Antigua_and_Barbuda.svg,Antigua and Barbuda,Public domain
/wiki/Argentina,ARG,//upload.wikimedia.org/wikipedia/commons/1/1a/Flag_of_Argentina.svg,Argentina,Public domain
/wiki/Armenia,ARM,//upload.wikimedia.org/wikipedia/commons/2/2f/Flag_of_Armenia.svg,Armenia,Public domain
/wiki/Aruba,ABW,//upload.wikimedia.org/wikipedia/commons/f/f6/Flag_of_Aruba.svg,Aruba,Public domain
/wiki/Australia,AUS,//upload.wikimedia.org/wikipedia/commons/8/88/Flag_of_Australia_%28converted%29.svg,Australia,Public domain
/wiki/Austria,AUT,//upload.wikimedia.org/wikipedia/commons/4/41/Flag_of_Austria.svg,Austria,Public domain
/wiki/Azerbaijan,AZE,//upload.wikimedia.org/wikipedia/commons/d/dd/Flag_of_Azerbaijan.svg,Azerbaijan,Public domain
/wiki/Bahamas,BHS,//upload.wikimedia.org/wikipedia/commons/9/93/Flag_of_the_Bahamas.svg,Bahamas,Public domain
/wiki/Bahrain,BHR,//upload.wikimedia.org/wikipedia/commons/2/2c/Flag_of_Bahrain.svg,Bahrain,Public domain
/wiki/Bangladesh,BGD,//upload.wikimedia.org/wikipedia/commons/f/f9/Flag_of_Bangladesh.svg,Bangladesh,Public domain
/wiki/Barbados,BRB,//upload.wikimedia.org/wikipedia/commons/e/ef/Flag_of_Barbados.svg,Barbados,Public domain
/wiki/Belarus,BLR,//upload.wikimedia.org/wikipedia/commons/8/85/Flag_of_Belarus.svg,Belarus,Public domain
/wiki/Belgium,BEL,//upload.wikimedia.org/wikipedia/commons/6/65/Flag_of_Belgium.svg,Belgium,Public domain
/wiki/Belize,BLZ,//upload.wikimedia.org/wikipedia/commons/e/e7/Flag_of_Belize.svg,Belize,Public domain
/wiki/Benin,BEN,//upload.wikimedia.org/wikipedia/commons/0/0a/Flag_of_Benin.svg,Benin,Public domain
/wiki/Bermuda,BMU,//upload.wikimedia.org/wikipedia/commons/b/bf/Flag_of_Bermuda.svg,Bermuda,Public domain
/wiki/Bhutan,BTN,//upload.wikimedia.org/wikipedia/commons/9/91/Flag_of_Bhutan.svg,Bhutan,Public domain
"/wiki/Bolivia,_Plurinational_State_of",BOL,//upload.wikimedia.org/wikipedia/commons/d/de/Flag_of_Bolivia_%28state%29.svg,Bolivia - Plurinational State of,Public domain
"/wiki/Bonaire,_Sint_Eustatius_and_Saba",BES,//upload.wikimedia.org/wikipedia/commons/2/20/Flag_of_the_Netherlands.svg,Bonaire - Sint Eustatius and Saba,Public domain
/wiki/Bosnia_and_Herzegovina,BIH,//upload.wikimedia.org/wikipedia/commons/b/bf/Flag_of_Bosnia_and_Herzegovina.svg,Bosnia and Herzegovina,Public domain
/wiki/Botswana,BWA,//upload.wikimedia.org/wikipedia/commons/f/fa/Flag_of_Botswana.svg,Botswana,Public domain
/wiki/Bouvet_Island,BVT,//upload.wikimedia.org/wikipedia/commons/d/d9/Flag_of_Norway.svg,Bouvet Island,Public domain
/wiki/Brazil,BRA,//upload.wikimedia.org/wikipedia/en/0/05/Flag_of_Brazil.svg,Brazil,Public domain
/wiki/British_Indian_Ocean_Territory,IOT,//upload.wikimedia.org/wikipedia/commons/6/6e/Flag_of_the_British_Indian_Ocean_Territory.svg,British Indian Ocean Territory,Public domain
/wiki/Brunei_Darussalam,BRN,//upload.wikimedia.org/wikipedia/commons/9/9c/Flag_of_Brunei.svg,Brunei Darussalam,Public domain
/wiki/Bulgaria,BGR,//upload.wikimedia.org/wikipedia/commons/9/9a/Flag_of_Bulgaria.svg,Bulgaria,Public domain
/wiki/Burkina_Faso,BFA,//upload.wikimedia.org/wikipedia/commons/3/31/Flag_of_Burkina_Faso.svg,Burkina Faso,Public domain
/wiki/Burundi,BDI,//upload.wikimedia.org/wikipedia/commons/5/50/Flag_of_Burundi.svg,Burundi,Public domain
/wiki/Cambodia,KHM,//upload.wikimedia.org/wikipedia/commons/8/83/Flag_of_Cambodia.svg,Cambodia,Public domain
/wiki/Cameroon,CMR,//upload.wikimedia.org/wikipedia/commons/4/4f/Flag_of_Cameroon.svg,Cameroon,Public domain
/wiki/Canada,CAN,//upload.wikimedia.org/wikipedia/en/c/cf/Flag_of_Canada.svg,Canada,Public domain
/wiki/Cape_Verde,CPV,//upload.wikimedia.org/wikipedia/commons/3/38/Flag_of_Cape_Verde.svg,Cape Verde,Public domain
/wiki/Cayman_Islands,CYM,//upload.wikimedia.org/wikipedia/commons/0/0f/Flag_of_the_Cayman_Islands.svg,Cayman Islands,Public domain
/wiki/Central_African_Republic,CAF,//upload.wikimedia.org/wikipedia/commons/6/6f/Flag_of_the_Central_African_Republic.svg,Central African Republic,Public domain
/wiki/Chad,TCD,//upload.wikimedia.org/wikipedia/commons/4/4b/Flag_of_Chad.svg,Chad,Public domain
/wiki/Chile,CHL,//upload.wikimedia.org/wikipedia/commons/7/78/Flag_of_Chile.svg,Chile,Public domain
/wiki/China,CHN,//upload.wikimedia.org/wikipedia/commons/f/fa/Flag_of_the_People%27s_Republic_of_China.svg,China,Public domain
/wiki/Christmas_Island,CXR,//upload.wikimedia.org/wikipedia/commons/6/67/Flag_of_Christmas_Island.svg,Christmas Island,Public domain
/wiki/Cocos_(Keeling)_Islands,CCK,//upload.wikimedia.org/wikipedia/commons/7/74/Flag_of_the_Cocos_%28Keeling%29_Islands.svg,Cocos (Keeling) Islands,Public domain
/wiki/Colombia,COL,//upload.wikimedia.org/wikipedia/commons/2/21/Flag_of_Colombia.svg,Colombia,Public domain
/wiki/Comoros,COM,//upload.wikimedia.org/wikipedia/commons/9/94/Flag_of_the_Comoros.svg,Comoros,Public domain
/wiki/Republic_of_the_Congo,COG,//upload.wikimedia.org/wikipedia/commons/9/92/Flag_of_the_Republic_of_the_Congo.svg,Congo,Public domain
"/wiki/Congo,_the_Democratic_Republic_of_the",COD,//upload.wikimedia.org/wikipedia/commons/6/6f/Flag_of_the_Democratic_Republic_of_the_Congo.svg,Congo - the Democratic Republic of the,Public domain
/wiki/Cook_Islands,COK,//upload.wikimedia.org/wikipedia/commons/3/35/Flag_of_the_Cook_Islands.svg,Cook Islands,Public domain
/wiki/Costa_Rica,CRI,//upload.wikimedia.org/wikipedia/commons/b/bc/Flag_of_Costa_Rica_%28state%29.svg,Costa Rica,Public domain
/wiki/C%C3%B4te_d%27Ivoire,CIV,//upload.wikimedia.org/wikipedia/commons/f/fe/Flag_of_C%C3%B4te_d%27Ivoire.svg,Côte d'Ivoire,Public domain
/wiki/Croatia,HRV,//upload.wikimedia.org/wikipedia/commons/1/1b/Flag_of_Croatia.svg,Croatia,Public domain
/wiki/Cuba,CUB,//upload.wikimedia.org/wikipedia/commons/b/bd/Flag_of_Cuba.svg,Cuba,Public domain
/wiki/Cura%C3%A7ao,CUW,//upload.wikimedia.org/wikipedia/commons/b/b1/Flag_of_Cura%C3%A7ao.svg,Curaçao,Public domain
/wiki/Cyprus,CYP,//upload.wikimedia.org/wikipedia/commons/d/d4/Flag_of_Cyprus.svg,Cyprus,Public domain
/wiki/Czech_Republic,CZE,//upload.wikimedia.org/wikipedia/commons/c/cb/Flag_of_the_Czech_Republic.svg,Czech Republic,Public domain
/wiki/Denmark,DNK,//upload.wikimedia.org/wikipedia/commons/9/9c/Flag_of_Denmark.svg,Denmark,Public domain
/wiki/Djibouti,DJI,//upload.wikimedia.org/wikipedia/commons/3/34/Flag_of_Djibouti.svg,Djibouti,Public domain
/wiki/Dominica,DMA,//upload.wikimedia.org/wikipedia/commons/c/c4/Flag_of_Dominica.svg,Dominica,Public domain
/wiki/Dominican_Republic,DOM,//upload.wikimedia.org/wikipedia/commons/9/9f/Flag_of_the_Dominican_Republic.svg,Dominican Republic,Public domain
/wiki/Ecuador,ECU,//upload.wikimedia.org/wikipedia/commons/e/e8/Flag_of_Ecuador.svg,Ecuador,Public domain
/wiki/Egypt,EGY,//upload.wikimedia.org/wikipedia/commons/f/fe/Flag_of_Egypt.svg,Egypt,Public domain
/wiki/El_Salvador,SLV,//upload.wikimedia.org/wikipedia/commons/3/34/Flag_of_El_Salvador.svg,El Salvador,Public domain
/wiki/Equatorial_Guinea,GNQ,//upload.wikimedia.org/wikipedia/commons/3/31/Flag_of_Equatorial_Guinea.svg,Equatorial Guinea,Public domain
/wiki/Eritrea,ERI,//upload.wikimedia.org/wikipedia/commons/2/29/Flag_of_Eritrea.svg,Eritrea,Public domain
/wiki/Estonia,EST,//upload.wikimedia.org/wikipedia/commons/8/8f/Flag_of_Estonia.svg,Estonia,Public domain
/wiki/Ethiopia,ETH,//upload.wikimedia.org/wikipedia/commons/7/71/Flag_of_Ethiopia.svg,Ethiopia,Public domain
/wiki/Falkland_Islands_(Malvinas),FLK,//upload.wikimedia.org/wikipedia/commons/8/83/Flag_of_the_Falkland_Islands.svg,Falkland Islands (Malvinas),Public domain
/wiki/Faroe_Islands,FRO,//upload.wikimedia.org/wikipedia/commons/3/3c/Flag_of_the_Faroe_Islands.svg,Faroe Islands,Public domain
/wiki/Fiji,FJI,//upload.wikimedia.org/wikipedia/commons/b/ba/Flag_of_Fiji.svg,Fiji,Public domain
/wiki/Finland,FIN,//upload.wikimedia.org/wikipedia/commons/b/bc/Flag_of_Finland.svg,Finland,Public domain
/wiki/France,FRA,//upload.wikimedia.org/wikipedia/en/c/c3/Flag_of_France.svg,France,Public domain
/wiki/French_Guiana,GUF,//upload.wikimedia.org/wikipedia/commons/2/29/Flag_of_French_Guiana.svg,French Guiana,Public domain
/wiki/French_Polynesia,PYF,//upload.wikimedia.org/wikipedia/commons/d/db/Flag_of_French_Polynesia.svg,French Polynesia,Public domain
/wiki/French_Southern_Territories,ATF,//upload.wikimedia.org/wikipedia/commons/a/a7/Flag_of_the_French_Southern_and_Antarctic_Lands.svg,French Southern Territories,Public domain
/wiki/Gabon,GAB,//upload.wikimedia.org/wikipedia/commons/0/04/Flag_of_Gabon.svg,Gabon,Public domain
/wiki/Gambia,GMB,//upload.wikimedia.org/wikipedia/commons/7/77/Flag_of_The_Gambia.svg,Gambia,Public domain
/wiki/Georgia_(country),GEO,//upload.wikimedia.org/wikipedia/commons/0/0f/Flag_of_Georgia.svg,Georgia,Public domain
/wiki/Germany,DEU,//upload.wikimedia.org/wikipedia/en/b/ba/Flag_of_Germany.svg,Germany,Public domain
/wiki/Ghana,GHA,//upload.wikimedia.org/wikipedia/commons/1/19/Flag_of_Ghana.svg,Ghana,Public domain
/wiki/Gibraltar,GIB,//upload.wikimedia.org/wikipedia/commons/0/02/Flag_of_Gibraltar.svg,Gibraltar,Public domain
/wiki/Greece,GRC,//upload.wikimedia.org/wikipedia/commons/5/5c/Flag_of_Greece.svg,Greece,Public domain
/wiki/Greenland,GRL,//upload.wikimedia.org/wikipedia/commons/0/09/Flag_of_Greenland.svg,Greenland,Public domain
/wiki/Grenada,GRD,//upload.wikimedia.org/wikipedia/commons/b/bc/Flag_of_Grenada.svg,Grenada,Public domain
/wiki/Guadeloupe,GLP,//upload.wikimedia.org/wikipedia/commons/0/04/Flag_of_Guadeloupe_%28local%29.svg,Guadeloupe,Public domain
/wiki/Guam,GUM,//upload.wikimedia.org/wikipedia/commons/0/07/Flag_of_Guam.svg,Guam,Public domain
/wiki/Guatemala,GTM,//upload.wikimedia.org/wikipedia/commons/e/ec/Flag_of_Guatemala.svg,Guatemala,Public domain
/wiki/Guernsey,GGY,//upload.wikimedia.org/wikipedia/commons/f/fa/Flag_of_Guernsey.svg,Guernsey,Public domain
/wiki/Guinea,GIN,//upload.wikimedia.org/wikipedia/commons/e/ed/Flag_of_Guinea.svg,Guinea,Public domain
/wiki/Guinea-Bissau,GNB,//upload.wikimedia.org/wikipedia/commons/0/01/Flag_of_Guinea-Bissau.svg,Guinea-Bissau,Public domain
/wiki/Guyana,GUY,//upload.wikimedia.org/wikipedia/commons/9/99/Flag_of_Guyana.svg,Guyana,Public domain
/wiki/Haiti,HTI,//upload.wikimedia.org/wikipedia/commons/5/56/Flag_of_Haiti.svg,Haiti,Public domain
/wiki/Heard_Island_and_McDonald_Islands,HMD,//upload.wikimedia.org/wikipedia/commons/f/fa/Flag_of_Antarctica.svg,Heard Island and McDonald Islands,Public domain
/wiki/Vatican_City_State,VAT,//upload.wikimedia.org/wikipedia/commons/0/00/Flag_of_the_Vatican_City.svg,Holy See (Vatican City State),Public domain
/wiki/Honduras,HND,//upload.wikimedia.org/wikipedia/commons/8/82/Flag_of_Honduras.svg,Honduras,Public domain
/wiki/Hong_Kong,HKG,//upload.wikimedia.org/wikipedia/commons/5/5b/Flag_of_Hong_Kong.svg,Hong Kong,Public domain
/wiki/Hungary,HUN,//upload.wikimedia.org/wikipedia/commons/c/c1/Flag_of_Hungary.svg,Hungary,Public domain
/wiki/Iceland,ISL,//upload.wikimedia.org/wikipedia/commons/c/ce/Flag_of_Iceland.svg,Iceland,Public domain
/wiki/India,IND,//upload.wikimedia.org/wikipedia/en/4/41/Flag_of_India.svg,India,Public domain
/wiki/Indonesia,IDN,//upload.wikimedia.org/wikipedia/commons/9/9f/Flag_of_Indonesia.svg,Indonesia,Public domain
"/wiki/Iran,_Islamic_Republic_of",IRN,//upload.wikimedia.org/wikipedia/commons/c/ca/Flag_of_Iran.svg,Iran - Islamic Republic of,Public domain
/wiki/Iraq,IRQ,//upload.wikimedia.org/wikipedia/commons/f/f6/Flag_of_Iraq.svg,Iraq,Public domain
/wiki/Republic_of_Ireland,IRL,//upload.wikimedia.org/wikipedia/commons/4/45/Flag_of_Ireland.svg,Ireland,Public domain
/wiki/Isle_of_Man,IMN,//upload.wikimedia.org/wikipedia/commons/b/bc/Flag_of_the_Isle_of_Man.svg,Isle of Man,Public domain
/wiki/Israel,ISR,//upload.wikimedia.org/wikipedia/commons/d/d4/Flag_of_Israel.svg,Israel,Public domain
/wiki/Italy,ITA,//upload.wikimedia.org/wikipedia/en/0/03/Flag_of_Italy.svg,Italy,Public domain
/wiki/Jamaica,JAM,//upload.wikimedia.org/wikipedia/commons/0/0a/Flag_of_Jamaica.svg,Jamaica,Public domain
/wiki/Japan,JPN,//upload.wikimedia.org/wikipedia/en/9/9e/Flag_of_Japan.svg,Japan,Public domain
/wiki/Jersey,JEY,//upload.wikimedia.org/wikipedia/commons/1/1c/Flag_of_Jersey.svg,Jersey,Public domain
/wiki/Jordan,JOR,//upload.wikimedia.org/wikipedia/commons/c/c0/Flag_of_Jordan.svg,Jordan,Public domain
/wiki/Kazakhstan,KAZ,//upload.wikimedia.org/wikipedia/commons/d/d3/Flag_of_Kazakhstan.svg,Kazakhstan,Public domain
/wiki/Kenya,KEN,//upload.wikimedia.org/wikipedia/commons/4/49/Flag_of_Kenya.svg,Kenya,Public domain
/wiki/Kiribati,KIR,//upload.wikimedia.org/wikipedia/commons/d/d3/Flag_of_Kiribati.svg,Kiribati,Public domain
"/wiki/Korea,_Democratic_People%27s_Republic_of",PRK,//upload.wikimedia.org/wikipedia/commons/5/51/Flag_of_North_Korea.svg,Korea - Democratic People's Republic of,Public domain
"/wiki/Korea,_Republic_of",KOR,//upload.wikimedia.org/wikipedia/commons/0/09/Flag_of_South_Korea.svg,Korea - Republic of,Public domain
/wiki/Kuwait,KWT,//upload.wikimedia.org/wikipedia/commons/a/aa/Flag_of_Kuwait.svg,Kuwait,Public domain
/wiki/Kyrgyzstan,KGZ,//upload.wikimedia.org/wikipedia/commons/c/c7/Flag_of_Kyrgyzstan.svg,Kyrgyzstan,Public domain
/wiki/Lao_People%27s_Democratic_Republic,LAO,//upload.wikimedia.org/wikipedia/commons/5/56/Flag_of_Laos.svg,Lao People's Democratic Republic,Public domain
/wiki/Latvia,LVA,//upload.wikimedia.org/wikipedia/commons/8/84/Flag_of_Latvia.svg,Latvia,Public domain
/wiki/Lebanon,LBN,//upload.wikimedia.org/wikipedia/commons/5/59/Flag_of_Lebanon.svg,Lebanon,Public domain
/wiki/Lesotho,LSO,//upload.wikimedia.org/wikipedia/commons/4/4a/Flag_of_Lesotho.svg,Lesotho,Creative Commons Attribution-ShareAlike 2.5 Generic
/wiki/Liberia,LBR,//upload.wikimedia.org/wikipedia/commons/b/b8/Flag_of_Liberia.svg,Liberia,Public domain
/wiki/Libya,LBY,//upload.wikimedia.org/wikipedia/commons/0/05/Flag_of_Libya.svg,Libya,Public domain
/wiki/Liechtenstein,LIE,//upload.wikimedia.org/wikipedia/commons/4/47/Flag_of_Liechtenstein.svg,Liechtenstein,Public domain
/wiki/Lithuania,LTU,//upload.wikimedia.org/wikipedia/commons/1/11/Flag_of_Lithuania.svg,Lithuania,Public domain
/wiki/Luxembourg,LUX,//upload.wikimedia.org/wikipedia/commons/d/da/Flag_of_Luxembourg.svg,Luxembourg,Public domain
/wiki/Macao,MAC,//upload.wikimedia.org/wikipedia/commons/6/63/Flag_of_Macau.svg,Macao,Public domain
/wiki/Republic_of_Macedonia,MKD,//upload.wikimedia.org/wikipedia/commons/f/f8/Flag_of_Macedonia.svg,Macedonia - the former Yugoslav Republic of,Public domain
/wiki/Madagascar,MDG,//upload.wikimedia.org/wikipedia/commons/b/bc/Flag_of_Madagascar.svg,Madagascar,Public domain
/wiki/Malawi,MWI,//upload.wikimedia.org/wikipedia/commons/d/d1/Flag_of_Malawi.svg,Malawi,Public domain
/wiki/Malaysia,MYS,//upload.wikimedia.org/wikipedia/commons/6/66/Flag_of_Malaysia.svg,Malaysia,Public domain
/wiki/Maldives,MDV,//upload.wikimedia.org/wikipedia/commons/0/0f/Flag_of_Maldives.svg,Maldives,Public domain
/wiki/Mali,MLI,//upload.wikimedia.org/wikipedia/commons/9/92/Flag_of_Mali.svg,Mali,Public domain
/wiki/Malta,MLT,//upload.wikimedia.org/wikipedia/commons/7/73/Flag_of_Malta.svg,Malta,Public domain
/wiki/Marshall_Islands,MHL,//upload.wikimedia.org/wikipedia/commons/2/2e/Flag_of_the_Marshall_Islands.svg,Marshall Islands,Public domain
/wiki/Martinique,MTQ,//upload.wikimedia.org/wikipedia/commons/5/52/Flag_of_Martinique.svg,Martinique,Public domain
/wiki/Mauritania,MRT,//upload.wikimedia.org/wikipedia/commons/4/43/Flag_of_Mauritania.svg,Mauritania,Public domain
/wiki/Mauritius,MUS,//upload.wikimedia.org/wikipedia/commons/7/77/Flag_of_Mauritius.svg,Mauritius,Public domain
/wiki/Mayotte,MYT,//upload.wikimedia.org/wikipedia/en/c/c3/Flag_of_France.svg,Mayotte,Public domain
/wiki/Mexico,MEX,//upload.wikimedia.org/wikipedia/commons/f/fc/Flag_of_Mexico.svg,Mexico,Public domain
"/wiki/Micronesia,_Federated_States_of",FSM,//upload.wikimedia.org/wikipedia/commons/e/e4/Flag_of_the_Federated_States_of_Micronesia.svg,Micronesia - Federated States of,Public domain
"/wiki/Moldova,_Republic_of",MDA,//upload.wikimedia.org/wikipedia/commons/2/27/Flag_of_Moldova.svg,Moldova - Republic of,Public domain
/wiki/Monaco,MCO,//upload.wikimedia.org/wikipedia/commons/e/ea/Flag_of_Monaco.svg,Monaco,Public domain
/wiki/Mongolia,MNG,//upload.wikimedia.org/wikipedia/commons/4/4c/Flag_of_Mongolia.svg,Mongolia,Public domain
/wiki/Montenegro,MNE,//upload.wikimedia.org/wikipedia/commons/6/64/Flag_of_Montenegro.svg,Montenegro,Creative Commons Attribution-Share Alike 3.0 Unported
/wiki/Montserrat,MSR,//upload.wikimedia.org/wikipedia/commons/d/d0/Flag_of_Montserrat.svg,Montserrat,Public domain
/wiki/Morocco,MAR,//upload.wikimedia.org/wikipedia/commons/2/2c/Flag_of_Morocco.svg,Morocco,Public domain
/wiki/Mozambique,MOZ,//upload.wikimedia.org/wikipedia/commons/d/d0/Flag_of_Mozambique.svg,Mozambique,Public domain
/wiki/Myanmar,MMR,//upload.wikimedia.org/wikipedia/commons/8/8c/Flag_of_Myanmar.svg,Myanmar,Public domain
/wiki/Namibia,NAM,//upload.wikimedia.org/wikipedia/commons/0/00/Flag_of_Namibia.svg,Namibia,Public domain
/wiki/Nauru,NRU,//upload.wikimedia.org/wikipedia/commons/3/30/Flag_of_Nauru.svg,Nauru,Public domain
/wiki/Nepal,NPL,//upload.wikimedia.org/wikipedia/commons/9/9b/Flag_of_Nepal.svg,Nepal,Public domain
/wiki/Netherlands,NLD,//upload.wikimedia.org/wikipedia/commons/2/20/Flag_of_the_Netherlands.svg,Netherlands,Public domain
/wiki/New_Caledonia,NCL,//upload.wikimedia.org/wikipedia/commons/2/23/Flag_of_New_Caledonia.svg,New Caledonia,Public domain
/wiki/New_Zealand,NZL,//upload.wikimedia.org/wikipedia/commons/3/3e/Flag_of_New_Zealand.svg,New Zealand,Public domain
/wiki/Nicaragua,NIC,//upload.wikimedia.org/wikipedia/commons/1/19/Flag_of_Nicaragua.svg,Nicaragua,Creative Commons Attribution 3.0 Unported (author: 'C records' <http://commons.wikimedia.org/wiki/User:C_records>)
/wiki/Niger,NER,//upload.wikimedia.org/wikipedia/commons/f/f4/Flag_of_Niger.svg,Niger,Public domain
/wiki/Nigeria,NGA,//upload.wikimedia.org/wikipedia/commons/7/79/Flag_of_Nigeria.svg,Nigeria,Public domain
/wiki/Niue,NIU,//upload.wikimedia.org/wikipedia/commons/0/01/Flag_of_Niue.svg,Niue,Public domain
/wiki/Norfolk_Island,NFK,//upload.wikimedia.org/wikipedia/commons/4/48/Flag_of_Norfolk_Island.svg,Norfolk Island,Public domain
/wiki/Northern_Mariana_Islands,MNP,//upload.wikimedia.org/wikipedia/commons/e/e0/Flag_of_the_Northern_Mariana_Islands.svg,Northern Mariana Islands,Public domain
/wiki/Norway,NOR,//upload.wikimedia.org/wikipedia/commons/d/d9/Flag_of_Norway.svg,Norway,Public domain
/wiki/Oman,OMN,//upload.wikimedia.org/wikipedia/commons/d/dd/Flag_of_Oman.svg,Oman,Public domain
/wiki/Pakistan,PAK,//upload.wikimedia.org/wikipedia/commons/3/32/Flag_of_Pakistan.svg,Pakistan,Public domain
/wiki/Palau,PLW,//upload.wikimedia.org/wikipedia/commons/4/48/Flag_of_Palau.svg,Palau,Public domain
/wiki/State_of_Palestine,PSE,//upload.wikimedia.org/wikipedia/commons/0/00/Flag_of_Palestine.svg,Palestine - State of,Public domain
/wiki/Panama,PAN,//upload.wikimedia.org/wikipedia/commons/a/ab/Flag_of_Panama.svg,Panama,Public domain
/wiki/Papua_New_Guinea,PNG,//upload.wikimedia.org/wikipedia/commons/e/e3/Flag_of_Papua_New_Guinea.svg,Papua New Guinea,Public domain
/wiki/Paraguay,PRY,//upload.wikimedia.org/wikipedia/commons/2/27/Flag_of_Paraguay.svg,Paraguay,Public domain
/wiki/Peru,PER,//upload.wikimedia.org/wikipedia/commons/c/cf/Flag_of_Peru.svg,Peru,Public domain
/wiki/Philippines,PHL,//upload.wikimedia.org/wikipedia/commons/9/99/Flag_of_the_Philippines.svg,Philippines,Public domain
/wiki/Pitcairn,PCN,//upload.wikimedia.org/wikipedia/commons/8/88/Flag_of_the_Pitcairn_Islands.svg,Pitcairn,Public domain
/wiki/Poland,POL,//upload.wikimedia.org/wikipedia/en/1/12/Flag_of_Poland.svg,Poland,Public domain
/wiki/Portugal,PRT,//upload.wikimedia.org/wikipedia/commons/5/5c/Flag_of_Portugal.svg,Portugal,Public domain
/wiki/Puerto_Rico,PRI,//upload.wikimedia.org/wikipedia/commons/2/28/Flag_of_Puerto_Rico.svg,Puerto Rico,Public domain
/wiki/Qatar,QAT,//upload.wikimedia.org/wikipedia/commons/6/65/Flag_of_Qatar.svg,Qatar,Public domain
/wiki/R%C3%A9union,REU,//upload.wikimedia.org/wikipedia/en/c/c3/Flag_of_France.svg,Réunion,Public domain
/wiki/Romania,ROU,//upload.wikimedia.org/wikipedia/commons/7/73/Flag_of_Romania.svg,Romania,Public domain
/wiki/Russian_Federation,RUS,//upload.wikimedia.org/wikipedia/en/f/f3/Flag_of_Russia.svg,Russian Federation,Public domain
/wiki/Rwanda,RWA,//upload.wikimedia.org/wikipedia/commons/1/17/Flag_of_Rwanda.svg,Rwanda,Public domain
/wiki/Saint_Barth%C3%A9lemy,BLM,//upload.wikimedia.org/wikipedia/en/c/c3/Flag_of_France.svg,Saint Barthélemy,Public domain
"/wiki/Saint_Helena,_Ascension_and_Tristan_da_Cunha",SHN,//upload.wikimedia.org/wikipedia/en/a/ae/Flag_of_the_United_Kingdom.svg,Saint Helena - Ascension and Tristan da Cunha,Public domain
/wiki/Saint_Kitts_and_Nevis,KNA,//upload.wikimedia.org/wikipedia/commons/f/fe/Flag_of_Saint_Kitts_and_Nevis.svg,Saint Kitts and Nevis,Public domain
/wiki/Saint_Lucia,LCA,//upload.wikimedia.org/wikipedia/commons/9/9f/Flag_of_Saint_Lucia.svg,Saint Lucia,Public domain
/wiki/Saint_Martin_(French_part),MAF,//upload.wikimedia.org/wikipedia/en/c/c3/Flag_of_France.svg,Saint Martin (French part),Public domain
/wiki/Saint_Pierre_and_Miquelon,SPM,//upload.wikimedia.org/wikipedia/commons/7/74/Flag_of_Saint-Pierre_and_Miquelon.svg,Saint Pierre and Miquelon,Public domain
/wiki/Saint_Vincent_and_the_Grenadines,VCT,//upload.wikimedia.org/wikipedia/commons/6/6d/Flag_of_Saint_Vincent_and_the_Grenadines.svg,Saint Vincent and the Grenadines,Public domain
/wiki/Samoa,WSM,//upload.wikimedia.org/wikipedia/commons/3/31/Flag_of_Samoa.svg,Samoa,Public domain
/wiki/San_Marino,SMR,//upload.wikimedia.org/wikipedia/commons/b/b1/Flag_of_San_Marino.svg,San Marino,Public domain
/wiki/Sao_Tome_and_Principe,STP,//upload.wikimedia.org/wikipedia/commons/4/4f/Flag_of_Sao_Tome_and_Principe.svg,Sao Tome and Principe,Public domain
/wiki/Saudi_Arabia,SAU,//upload.wikimedia.org/wikipedia/commons/0/0d/Flag_of_Saudi_Arabia.svg,Saudi Arabia,Public domain
/wiki/Senegal,SEN,//upload.wikimedia.org/wikipedia/commons/f/fd/Flag_of_Senegal.svg,Senegal,Public domain
/wiki/Serbia,SRB,//upload.wikimedia.org/wikipedia/commons/f/ff/Flag_of_Serbia.svg,Serbia,Public domain
/wiki/Seychelles,SYC,//upload.wikimedia.org/wikipedia/commons/f/fc/Flag_of_Seychelles.svg,Seychelles,Public domain
/wiki/Sierra_Leone,SLE,//upload.wikimedia.org/wikipedia/commons/1/17/Flag_of_Sierra_Leone.svg,Sierra Leone,Public domain
/wiki/Singapore,SGP,//upload.wikimedia.org/wikipedia/commons/4/48/Flag_of_Singapore.svg,Singapore,Public domain
/wiki/Sint_Maarten_(Dutch_part),SXM,//upload.wikimedia.org/wikipedia/commons/d/d3/Flag_of_Sint_Maarten.svg,Sint Maarten (Dutch part),Creative Commons Attribution-Share Alike 3.0 Unported
/wiki/Slovakia,SVK,//upload.wikimedia.org/wikipedia/commons/e/e6/Flag_of_Slovakia.svg,Slovakia,Public domain
/wiki/Slovenia,SVN,//upload.wikimedia.org/wikipedia/commons/f/f0/Flag_of_Slovenia.svg,Slovenia,Public domain
/wiki/Solomon_Islands,SLB,//upload.wikimedia.org/wikipedia/commons/7/74/Flag_of_the_Solomon_Islands.svg,Solomon Islands,Public domain
/wiki/Somalia,SOM,//upload.wikimedia.org/wikipedia/commons/a/a0/Flag_of_Somalia.svg,Somalia,Public domain
/wiki/South_Africa,ZAF,//upload.wikimedia.org/wikipedia/commons/a/af/Flag_of_South_Africa.svg,South Africa,Public domain
/wiki/South_Georgia_and_the_South_Sandwich_Islands,SGS,//upload.wikimedia.org/wikipedia/commons/e/ed/Flag_of_South_Georgia_and_the_South_Sandwich_Islands.svg,South Georgia and the South Sandwich Islands,Public domain
/wiki/South_Sudan,SSD,//upload.wikimedia.org/wikipedia/commons/7/7a/Flag_of_South_Sudan.svg,South Sudan,Public domain
/wiki/Spain,ESP,//upload.wikimedia.org/wikipedia/en/9/9a/Flag_of_Spain.svg,Spain,Public domain
/wiki/Sri_Lanka,LKA,//upload.wikimedia.org/wikipedia/commons/1/11/Flag_of_Sri_Lanka.svg,Sri Lanka,Public domain
/wiki/Sudan,SDN,//upload.wikimedia.org/wikipedia/commons/0/01/Flag_of_Sudan.svg,Sudan,Public domain
/wiki/Suriname,SUR,//upload.wikimedia.org/wikipedia/commons/6/60/Flag_of_Suriname.svg,Suriname,Public domain
/wiki/Swaziland,SWZ,//upload.wikimedia.org/wikipedia/commons/1/1e/Flag_of_Swaziland.svg,Swaziland,Public domain
/wiki/Sweden,SWE,//upload.wikimedia.org/wikipedia/en/4/4c/Flag_of_Sweden.svg,Sweden,Public domain
/wiki/Switzerland,CHE,//upload.wikimedia.org/wikipedia/commons/0/08/Flag_of_Switzerland_%28Pantone%29.svg,Switzerland,Public domain
/wiki/Syrian_Arab_Republic,SYR,//upload.wikimedia.org/wikipedia/commons/5/53/Flag_of_Syria.svg,Syrian Arab Republic,Public domain
/wiki/Taiwan,TWN,//upload.wikimedia.org/wikipedia/commons/7/72/Flag_of_the_Republic_of_China.svg,Taiwan,Public domain
/wiki/Tajikistan,TJK,//upload.wikimedia.org/wikipedia/commons/d/d0/Flag_of_Tajikistan.svg,Tajikistan,Public domain
"/wiki/Tanzania,_United_Republic_of",TZA,//upload.wikimedia.org/wikipedia/commons/3/38/Flag_of_Tanzania.svg,Tanzania - United Republic of,Public domain
/wiki/Thailand,THA,//upload.wikimedia.org/wikipedia/commons/a/a9/Flag_of_Thailand.svg,Thailand,Public domain
/wiki/Timor-Leste,TLS,//upload.wikimedia.org/wikipedia/commons/2/26/Flag_of_East_Timor.svg,Timor-Leste,Public domain
/wiki/Togo,TGO,//upload.wikimedia.org/wikipedia/commons/6/68/Flag_of_Togo.svg,Togo,Public domain
/wiki/Tokelau,TKL,//upload.wikimedia.org/wikipedia/commons/8/8e/Flag_of_Tokelau.svg,Tokelau,Public domain
/wiki/Tonga,TON,//upload.wikimedia.org/wikipedia/commons/9/9a/Flag_of_Tonga.svg,Tonga,Public domain
/wiki/Trinidad_and_Tobago,TTO,//upload.wikimedia.org/wikipedia/commons/6/64/Flag_of_Trinidad_and_Tobago.svg,Trinidad and Tobago,Public domain
/wiki/Tunisia,TUN,//upload.wikimedia.org/wikipedia/commons/c/ce/Flag_of_Tunisia.svg,Tunisia,Public domain
/wiki/Turkey,TUR,//upload.wikimedia.org/wikipedia/commons/b/b4/Flag_of_Turkey.svg,Turkey,Public domain
/wiki/Turkmenistan,TKM,//upload.wikimedia.org/wikipedia/commons/1/1b/Flag_of_Turkmenistan.svg,Turkmenistan,Public domain
/wiki/Turks_and_Caicos_Islands,TCA,//upload.wikimedia.org/wikipedia/commons/a/a0/Flag_of_the_Turks_and_Caicos_Islands.svg,Turks and Caicos Islands,Public domain
/wiki/Tuvalu,TUV,//upload.wikimedia.org/wikipedia/commons/3/38/Flag_of_Tuvalu.svg,Tuvalu,Public domain
/wiki/Uganda,UGA,//upload.wikimedia.org/wikipedia/commons/4/4e/Flag_of_Uganda.svg,Uganda,Public domain
/wiki/Ukraine,UKR,//upload.wikimedia.org/wikipedia/commons/4/49/Flag_of_Ukraine.svg,Ukraine,Public domain
/wiki/United_Arab_Emirates,ARE,//upload.wikimedia.org/wikipedia/commons/c/cb/Flag_of_the_United_Arab_Emirates.svg,United Arab Emirates,Public domain
/wiki/United_Kingdom,GBR,//upload.wikimedia.org/wikipedia/en/a/ae/Flag_of_the_United_Kingdom.svg,United Kingdom,Public domain
/wiki/United_States,USA,//upload.wikimedia.org/wikipedia/en/a/a4/Flag_of_the_United_States.svg,United States,Public domain
/wiki/United_States_Minor_Outlying_Islands,UMI,//upload.wikimedia.org/wikipedia/en/a/a4/Flag_of_the_United_States.svg,United States Minor Outlying Islands,Public domain
/wiki/Uruguay,URY,//upload.wikimedia.org/wikipedia/commons/f/fe/Flag_of_Uruguay.svg,Uruguay,Public domain
/wiki/Uzbekistan,UZB,//upload.wikimedia.org/wikipedia/commons/8/84/Flag_of_Uzbekistan.svg,Uzbekistan,Public domain
/wiki/Vanuatu,VUT,//upload.wikimedia.org/wikipedia/commons/b/bc/Flag_of_Vanuatu.svg,Vanuatu,Public domain
"/wiki/Venezuela,_Bolivarian_Republic_of",VEN,//upload.wikimedia.org/wikipedia/commons/0/06/Flag_of_Venezuela.svg,Venezuela - Bolivarian Republic of,Public domain
/wiki/Viet_Nam,VNM,//upload.wikimedia.org/wikipedia/commons/2/21/Flag_of_Vietnam.svg,Viet Nam,Public domain
"/wiki/Virgin_Islands,_British",VGB,//upload.wikimedia.org/wikipedia/commons/4/42/Flag_of_the_British_Virgin_Islands.svg,Virgin Islands - British,Public domain
"/wiki/Virgin_Islands,_U.S.",VIR,//upload.wikimedia.org/wikipedia/commons/f/f8/Flag_of_the_United_States_Virgin_Islands.svg,Virgin Islands - U.S.,Public domain
/wiki/Wallis_and_Futuna,WLF,//upload.wikimedia.org/wikipedia/commons/d/d2/Flag_of_Wallis_and_Futuna.svg,Wallis and Futuna,Public domain
/wiki/Yemen,YEM,//upload.wikimedia.org/wikipedia/commons/8/89/Flag_of_Yemen.svg,Yemen,Public domain
/wiki/Zambia,ZMB,//upload.wikimedia.org/wikipedia/commons/0/06/Flag_of_Zambia.svg,Zambia,Public domain
/wiki/Zimbabwe,ZWE,//upload.wikimedia.org/wikipedia/commons/6/6a/Flag_of_Zimbabwe.svg,Zimbabwe,Public domain
