"shortRegions	";longRegions;file_url;, '2021-12-31 12:33:57',; '2021-12-31 12:33:57';;;
AFG;Afghanistan;//upload.wikimedia.org/wikipedia/commons/9/9a/Flag_of_Afghanistan.svg;, '2021-12-31 12:33:57',; '2021-12-31 12:33:57';(NULL,'AFG','Afghanistan','//upload.wikimedia.org/wikipedia/commons/9/9a/Flag_of_Afghanistan.svg', '2021-12-31 12:33:57', '2021-12-31 12:33:57'),;;(NULL, 'AFG', 'Afghanistan', '//upload.wikimedia.org/wikipedia/commons/9/9a/Flag_of_Afghanistan.svg'),
ALA;Åland Islands;//upload.wikimedia.org/wikipedia/commons/5/52/Flag_of_%C3%85land.svg;, '2021-12-31 12:33:57',; '2021-12-31 12:33:57';(NULL,'ALA','Åland Islands','//upload.wikimedia.org/wikipedia/commons/5/52/Flag_of_%C3%85land.svg', '2021-12-31 12:33:57', '2021-12-31 12:33:57'),;;
ALB;Albania;//upload.wikimedia.org/wikipedia/commons/3/36/Flag_of_Albania.svg;, '2021-12-31 12:33:57',; '2021-12-31 12:33:57';(NULL,'ALB','Albania','//upload.wikimedia.org/wikipedia/commons/3/36/Flag_of_Albania.svg', '2021-12-31 12:33:57', '2021-12-31 12:33:57'),;;
DZA;Algeria;//upload.wikimedia.org/wikipedia/commons/7/77/Flag_of_Algeria.svg;, '2021-12-31 12:33:57',; '2021-12-31 12:33:57';(NULL,'DZA','Algeria','//upload.wikimedia.org/wikipedia/commons/7/77/Flag_of_Algeria.svg', '2021-12-31 12:33:57', '2021-12-31 12:33:57'),;;
ASM;American Samoa;//upload.wikimedia.org/wikipedia/commons/8/87/Flag_of_American_Samoa.svg;, '2021-12-31 12:33:57',; '2021-12-31 12:33:57';(NULL,'ASM','American Samoa','//upload.wikimedia.org/wikipedia/commons/8/87/Flag_of_American_Samoa.svg', '2021-12-31 12:33:57', '2021-12-31 12:33:57'),;;
AND;Andorra;//upload.wikimedia.org/wikipedia/commons/1/19/Flag_of_Andorra.svg;, '2021-12-31 12:33:57',; '2021-12-31 12:33:57';(NULL,'AND','Andorra','//upload.wikimedia.org/wikipedia/commons/1/19/Flag_of_Andorra.svg', '2021-12-31 12:33:57', '2021-12-31 12:33:57'),;;
AGO;Angola;//upload.wikimedia.org/wikipedia/commons/9/9d/Flag_of_Angola.svg;, '2021-12-31 12:33:57',; '2021-12-31 12:33:57';(NULL,'AGO','Angola','//upload.wikimedia.org/wikipedia/commons/9/9d/Flag_of_Angola.svg', '2021-12-31 12:33:57', '2021-12-31 12:33:57'),;;
AIA;Anguilla;//upload.wikimedia.org/wikipedia/commons/b/b4/Flag_of_Anguilla.svg;, '2021-12-31 12:33:57',; '2021-12-31 12:33:57';(NULL,'AIA','Anguilla','//upload.wikimedia.org/wikipedia/commons/b/b4/Flag_of_Anguilla.svg', '2021-12-31 12:33:57', '2021-12-31 12:33:57'),;;
ATG;Antigua and Barbuda;//upload.wikimedia.org/wikipedia/commons/8/89/Flag_of_Antigua_and_Barbuda.svg;, '2021-12-31 12:33:57',; '2021-12-31 12:33:57';(NULL,'ATG','Antigua and Barbuda','//upload.wikimedia.org/wikipedia/commons/8/89/Flag_of_Antigua_and_Barbuda.svg', '2021-12-31 12:33:57', '2021-12-31 12:33:57'),;;
ARG;Argentina;//upload.wikimedia.org/wikipedia/commons/1/1a/Flag_of_Argentina.svg;, '2021-12-31 12:33:57',; '2021-12-31 12:33:57';(NULL,'ARG','Argentina','//upload.wikimedia.org/wikipedia/commons/1/1a/Flag_of_Argentina.svg', '2021-12-31 12:33:57', '2021-12-31 12:33:57'),;;
ARM;Armenia;//upload.wikimedia.org/wikipedia/commons/2/2f/Flag_of_Armenia.svg;, '2021-12-31 12:33:57',; '2021-12-31 12:33:57';(NULL,'ARM','Armenia','//upload.wikimedia.org/wikipedia/commons/2/2f/Flag_of_Armenia.svg', '2021-12-31 12:33:57', '2021-12-31 12:33:57'),;;
ABW;Aruba;//upload.wikimedia.org/wikipedia/commons/f/f6/Flag_of_Aruba.svg;, '2021-12-31 12:33:57',; '2021-12-31 12:33:57';(NULL,'ABW','Aruba','//upload.wikimedia.org/wikipedia/commons/f/f6/Flag_of_Aruba.svg', '2021-12-31 12:33:57', '2021-12-31 12:33:57'),;;
AUS;Australia;//upload.wikimedia.org/wikipedia/commons/8/88/Flag_of_Australia_%28converted%29.svg;, '2021-12-31 12:33:57',; '2021-12-31 12:33:57';(NULL,'AUS','Australia','//upload.wikimedia.org/wikipedia/commons/8/88/Flag_of_Australia_%28converted%29.svg', '2021-12-31 12:33:57', '2021-12-31 12:33:57'),;;
AUT;Austria;//upload.wikimedia.org/wikipedia/commons/4/41/Flag_of_Austria.svg;, '2021-12-31 12:33:57',; '2021-12-31 12:33:57';(NULL,'AUT','Austria','//upload.wikimedia.org/wikipedia/commons/4/41/Flag_of_Austria.svg', '2021-12-31 12:33:57', '2021-12-31 12:33:57'),;;
AZE;Azerbaijan;//upload.wikimedia.org/wikipedia/commons/d/dd/Flag_of_Azerbaijan.svg;, '2021-12-31 12:33:57',; '2021-12-31 12:33:57';(NULL,'AZE','Azerbaijan','//upload.wikimedia.org/wikipedia/commons/d/dd/Flag_of_Azerbaijan.svg', '2021-12-31 12:33:57', '2021-12-31 12:33:57'),;;
BHS;Bahamas;//upload.wikimedia.org/wikipedia/commons/9/93/Flag_of_the_Bahamas.svg;, '2021-12-31 12:33:57',; '2021-12-31 12:33:57';(NULL,'BHS','Bahamas','//upload.wikimedia.org/wikipedia/commons/9/93/Flag_of_the_Bahamas.svg', '2021-12-31 12:33:57', '2021-12-31 12:33:57'),;;
BHR;Bahrain;//upload.wikimedia.org/wikipedia/commons/2/2c/Flag_of_Bahrain.svg;, '2021-12-31 12:33:57',; '2021-12-31 12:33:57';(NULL,'BHR','Bahrain','//upload.wikimedia.org/wikipedia/commons/2/2c/Flag_of_Bahrain.svg', '2021-12-31 12:33:57', '2021-12-31 12:33:57'),;;
BGD;Bangladesh;//upload.wikimedia.org/wikipedia/commons/f/f9/Flag_of_Bangladesh.svg;, '2021-12-31 12:33:57',; '2021-12-31 12:33:57';(NULL,'BGD','Bangladesh','//upload.wikimedia.org/wikipedia/commons/f/f9/Flag_of_Bangladesh.svg', '2021-12-31 12:33:57', '2021-12-31 12:33:57'),;;
BRB;Barbados;//upload.wikimedia.org/wikipedia/commons/e/ef/Flag_of_Barbados.svg;, '2021-12-31 12:33:57',; '2021-12-31 12:33:57';(NULL,'BRB','Barbados','//upload.wikimedia.org/wikipedia/commons/e/ef/Flag_of_Barbados.svg', '2021-12-31 12:33:57', '2021-12-31 12:33:57'),;;
BLR;Belarus;//upload.wikimedia.org/wikipedia/commons/8/85/Flag_of_Belarus.svg;, '2021-12-31 12:33:57',; '2021-12-31 12:33:57';(NULL,'BLR','Belarus','//upload.wikimedia.org/wikipedia/commons/8/85/Flag_of_Belarus.svg', '2021-12-31 12:33:57', '2021-12-31 12:33:57'),;;
BEL;Belgium;//upload.wikimedia.org/wikipedia/commons/6/65/Flag_of_Belgium.svg;, '2021-12-31 12:33:57',; '2021-12-31 12:33:57';(NULL,'BEL','Belgium','//upload.wikimedia.org/wikipedia/commons/6/65/Flag_of_Belgium.svg', '2021-12-31 12:33:57', '2021-12-31 12:33:57'),;;
BLZ;Belize;//upload.wikimedia.org/wikipedia/commons/e/e7/Flag_of_Belize.svg;, '2021-12-31 12:33:57',; '2021-12-31 12:33:57';(NULL,'BLZ','Belize','//upload.wikimedia.org/wikipedia/commons/e/e7/Flag_of_Belize.svg', '2021-12-31 12:33:57', '2021-12-31 12:33:57'),;;
BEN;Benin;//upload.wikimedia.org/wikipedia/commons/0/0a/Flag_of_Benin.svg;, '2021-12-31 12:33:57',; '2021-12-31 12:33:57';(NULL,'BEN','Benin','//upload.wikimedia.org/wikipedia/commons/0/0a/Flag_of_Benin.svg', '2021-12-31 12:33:57', '2021-12-31 12:33:57'),;;
BMU;Bermuda;//upload.wikimedia.org/wikipedia/commons/b/bf/Flag_of_Bermuda.svg;, '2021-12-31 12:33:57',; '2021-12-31 12:33:57';(NULL,'BMU','Bermuda','//upload.wikimedia.org/wikipedia/commons/b/bf/Flag_of_Bermuda.svg', '2021-12-31 12:33:57', '2021-12-31 12:33:57'),;;
BTN;Bhutan;//upload.wikimedia.org/wikipedia/commons/9/91/Flag_of_Bhutan.svg;, '2021-12-31 12:33:57',; '2021-12-31 12:33:57';(NULL,'BTN','Bhutan','//upload.wikimedia.org/wikipedia/commons/9/91/Flag_of_Bhutan.svg', '2021-12-31 12:33:57', '2021-12-31 12:33:57'),;;
BOL;Bolivia - Plurinational State of;//upload.wikimedia.org/wikipedia/commons/d/de/Flag_of_Bolivia_%28state%29.svg;, '2021-12-31 12:33:57',; '2021-12-31 12:33:57';(NULL,'BOL','Bolivia - Plurinational State of','//upload.wikimedia.org/wikipedia/commons/d/de/Flag_of_Bolivia_%28state%29.svg', '2021-12-31 12:33:57', '2021-12-31 12:33:57'),;;
BES;Bonaire - Sint Eustatius and Saba;//upload.wikimedia.org/wikipedia/commons/2/20/Flag_of_the_Netherlands.svg;, '2021-12-31 12:33:57',; '2021-12-31 12:33:57';(NULL,'BES','Bonaire - Sint Eustatius and Saba','//upload.wikimedia.org/wikipedia/commons/2/20/Flag_of_the_Netherlands.svg', '2021-12-31 12:33:57', '2021-12-31 12:33:57'),;;
BIH;Bosnia and Herzegovina;//upload.wikimedia.org/wikipedia/commons/b/bf/Flag_of_Bosnia_and_Herzegovina.svg;, '2021-12-31 12:33:57',; '2021-12-31 12:33:57';(NULL,'BIH','Bosnia and Herzegovina','//upload.wikimedia.org/wikipedia/commons/b/bf/Flag_of_Bosnia_and_Herzegovina.svg', '2021-12-31 12:33:57', '2021-12-31 12:33:57'),;;
BWA;Botswana;//upload.wikimedia.org/wikipedia/commons/f/fa/Flag_of_Botswana.svg;, '2021-12-31 12:33:57',; '2021-12-31 12:33:57';(NULL,'BWA','Botswana','//upload.wikimedia.org/wikipedia/commons/f/fa/Flag_of_Botswana.svg', '2021-12-31 12:33:57', '2021-12-31 12:33:57'),;;
BVT;Bouvet Island;//upload.wikimedia.org/wikipedia/commons/d/d9/Flag_of_Norway.svg;, '2021-12-31 12:33:57',; '2021-12-31 12:33:57';(NULL,'BVT','Bouvet Island','//upload.wikimedia.org/wikipedia/commons/d/d9/Flag_of_Norway.svg', '2021-12-31 12:33:57', '2021-12-31 12:33:57'),;;
BRA;Brazil;//upload.wikimedia.org/wikipedia/en/0/05/Flag_of_Brazil.svg;, '2021-12-31 12:33:57',; '2021-12-31 12:33:57';(NULL,'BRA','Brazil','//upload.wikimedia.org/wikipedia/en/0/05/Flag_of_Brazil.svg', '2021-12-31 12:33:57', '2021-12-31 12:33:57'),;;
IOT;British Indian Ocean Territory;//upload.wikimedia.org/wikipedia/commons/6/6e/Flag_of_the_British_Indian_Ocean_Territory.svg;, '2021-12-31 12:33:57',; '2021-12-31 12:33:57';(NULL,'IOT','British Indian Ocean Territory','//upload.wikimedia.org/wikipedia/commons/6/6e/Flag_of_the_British_Indian_Ocean_Territory.svg', '2021-12-31 12:33:57', '2021-12-31 12:33:57'),;;
BRN;Brunei Darussalam;//upload.wikimedia.org/wikipedia/commons/9/9c/Flag_of_Brunei.svg;, '2021-12-31 12:33:57',; '2021-12-31 12:33:57';(NULL,'BRN','Brunei Darussalam','//upload.wikimedia.org/wikipedia/commons/9/9c/Flag_of_Brunei.svg', '2021-12-31 12:33:57', '2021-12-31 12:33:57'),;;
BGR;Bulgaria;//upload.wikimedia.org/wikipedia/commons/9/9a/Flag_of_Bulgaria.svg;, '2021-12-31 12:33:57',; '2021-12-31 12:33:57';(NULL,'BGR','Bulgaria','//upload.wikimedia.org/wikipedia/commons/9/9a/Flag_of_Bulgaria.svg', '2021-12-31 12:33:57', '2021-12-31 12:33:57'),;;
BFA;Burkina Faso;//upload.wikimedia.org/wikipedia/commons/3/31/Flag_of_Burkina_Faso.svg;, '2021-12-31 12:33:57',; '2021-12-31 12:33:57';(NULL,'BFA','Burkina Faso','//upload.wikimedia.org/wikipedia/commons/3/31/Flag_of_Burkina_Faso.svg', '2021-12-31 12:33:57', '2021-12-31 12:33:57'),;;
BDI;Burundi;//upload.wikimedia.org/wikipedia/commons/5/50/Flag_of_Burundi.svg;, '2021-12-31 12:33:57',; '2021-12-31 12:33:57';(NULL,'BDI','Burundi','//upload.wikimedia.org/wikipedia/commons/5/50/Flag_of_Burundi.svg', '2021-12-31 12:33:57', '2021-12-31 12:33:57'),;;
KHM;Cambodia;//upload.wikimedia.org/wikipedia/commons/8/83/Flag_of_Cambodia.svg;, '2021-12-31 12:33:57',; '2021-12-31 12:33:57';(NULL,'KHM','Cambodia','//upload.wikimedia.org/wikipedia/commons/8/83/Flag_of_Cambodia.svg', '2021-12-31 12:33:57', '2021-12-31 12:33:57'),;;
CMR;Cameroon;//upload.wikimedia.org/wikipedia/commons/4/4f/Flag_of_Cameroon.svg;, '2021-12-31 12:33:57',; '2021-12-31 12:33:57';(NULL,'CMR','Cameroon','//upload.wikimedia.org/wikipedia/commons/4/4f/Flag_of_Cameroon.svg', '2021-12-31 12:33:57', '2021-12-31 12:33:57'),;;
CAN;Canada;//upload.wikimedia.org/wikipedia/en/c/cf/Flag_of_Canada.svg;, '2021-12-31 12:33:57',; '2021-12-31 12:33:57';(NULL,'CAN','Canada','//upload.wikimedia.org/wikipedia/en/c/cf/Flag_of_Canada.svg', '2021-12-31 12:33:57', '2021-12-31 12:33:57'),;;
CPV;Cape Verde;//upload.wikimedia.org/wikipedia/commons/3/38/Flag_of_Cape_Verde.svg;, '2021-12-31 12:33:57',; '2021-12-31 12:33:57';(NULL,'CPV','Cape Verde','//upload.wikimedia.org/wikipedia/commons/3/38/Flag_of_Cape_Verde.svg', '2021-12-31 12:33:57', '2021-12-31 12:33:57'),;;
CYM;Cayman Islands;//upload.wikimedia.org/wikipedia/commons/0/0f/Flag_of_the_Cayman_Islands.svg;, '2021-12-31 12:33:57',; '2021-12-31 12:33:57';(NULL,'CYM','Cayman Islands','//upload.wikimedia.org/wikipedia/commons/0/0f/Flag_of_the_Cayman_Islands.svg', '2021-12-31 12:33:57', '2021-12-31 12:33:57'),;;
CAF;Central African Republic;//upload.wikimedia.org/wikipedia/commons/6/6f/Flag_of_the_Central_African_Republic.svg;, '2021-12-31 12:33:57',; '2021-12-31 12:33:57';(NULL,'CAF','Central African Republic','//upload.wikimedia.org/wikipedia/commons/6/6f/Flag_of_the_Central_African_Republic.svg', '2021-12-31 12:33:57', '2021-12-31 12:33:57'),;;
TCD;Chad;//upload.wikimedia.org/wikipedia/commons/4/4b/Flag_of_Chad.svg;, '2021-12-31 12:33:57',; '2021-12-31 12:33:57';(NULL,'TCD','Chad','//upload.wikimedia.org/wikipedia/commons/4/4b/Flag_of_Chad.svg', '2021-12-31 12:33:57', '2021-12-31 12:33:57'),;;
CHL;Chile;//upload.wikimedia.org/wikipedia/commons/7/78/Flag_of_Chile.svg;, '2021-12-31 12:33:57',; '2021-12-31 12:33:57';(NULL,'CHL','Chile','//upload.wikimedia.org/wikipedia/commons/7/78/Flag_of_Chile.svg', '2021-12-31 12:33:57', '2021-12-31 12:33:57'),;;
CHN;China;//upload.wikimedia.org/wikipedia/commons/f/fa/Flag_of_the_People%27s_Republic_of_China.svg;, '2021-12-31 12:33:57',; '2021-12-31 12:33:57';(NULL,'CHN','China','//upload.wikimedia.org/wikipedia/commons/f/fa/Flag_of_the_People%27s_Republic_of_China.svg', '2021-12-31 12:33:57', '2021-12-31 12:33:57'),;;
CXR;Christmas Island;//upload.wikimedia.org/wikipedia/commons/6/67/Flag_of_Christmas_Island.svg;, '2021-12-31 12:33:57',; '2021-12-31 12:33:57';(NULL,'CXR','Christmas Island','//upload.wikimedia.org/wikipedia/commons/6/67/Flag_of_Christmas_Island.svg', '2021-12-31 12:33:57', '2021-12-31 12:33:57'),;;
CCK;Cocos (Keeling) Islands;//upload.wikimedia.org/wikipedia/commons/7/74/Flag_of_the_Cocos_%28Keeling%29_Islands.svg;, '2021-12-31 12:33:57',; '2021-12-31 12:33:57';(NULL,'CCK','Cocos (Keeling) Islands','//upload.wikimedia.org/wikipedia/commons/7/74/Flag_of_the_Cocos_%28Keeling%29_Islands.svg', '2021-12-31 12:33:57', '2021-12-31 12:33:57'),;;
COL;Colombia;//upload.wikimedia.org/wikipedia/commons/2/21/Flag_of_Colombia.svg;, '2021-12-31 12:33:57',; '2021-12-31 12:33:57';(NULL,'COL','Colombia','//upload.wikimedia.org/wikipedia/commons/2/21/Flag_of_Colombia.svg', '2021-12-31 12:33:57', '2021-12-31 12:33:57'),;;
COM;Comoros;//upload.wikimedia.org/wikipedia/commons/9/94/Flag_of_the_Comoros.svg;, '2021-12-31 12:33:57',; '2021-12-31 12:33:57';(NULL,'COM','Comoros','//upload.wikimedia.org/wikipedia/commons/9/94/Flag_of_the_Comoros.svg', '2021-12-31 12:33:57', '2021-12-31 12:33:57'),;;
COG;Congo;//upload.wikimedia.org/wikipedia/commons/9/92/Flag_of_the_Republic_of_the_Congo.svg;, '2021-12-31 12:33:57',; '2021-12-31 12:33:57';(NULL,'COG','Congo','//upload.wikimedia.org/wikipedia/commons/9/92/Flag_of_the_Republic_of_the_Congo.svg', '2021-12-31 12:33:57', '2021-12-31 12:33:57'),;;
COD;Congo - the Democratic Republic of the;//upload.wikimedia.org/wikipedia/commons/6/6f/Flag_of_the_Democratic_Republic_of_the_Congo.svg;, '2021-12-31 12:33:57',; '2021-12-31 12:33:57';(NULL,'COD','Congo - the Democratic Republic of the','//upload.wikimedia.org/wikipedia/commons/6/6f/Flag_of_the_Democratic_Republic_of_the_Congo.svg', '2021-12-31 12:33:57', '2021-12-31 12:33:57'),;;
COK;Cook Islands;//upload.wikimedia.org/wikipedia/commons/3/35/Flag_of_the_Cook_Islands.svg;, '2021-12-31 12:33:57',; '2021-12-31 12:33:57';(NULL,'COK','Cook Islands','//upload.wikimedia.org/wikipedia/commons/3/35/Flag_of_the_Cook_Islands.svg', '2021-12-31 12:33:57', '2021-12-31 12:33:57'),;;
CRI;Costa Rica;//upload.wikimedia.org/wikipedia/commons/b/bc/Flag_of_Costa_Rica_%28state%29.svg;, '2021-12-31 12:33:57',; '2021-12-31 12:33:57';(NULL,'CRI','Costa Rica','//upload.wikimedia.org/wikipedia/commons/b/bc/Flag_of_Costa_Rica_%28state%29.svg', '2021-12-31 12:33:57', '2021-12-31 12:33:57'),;;
CIV;Côte d'Ivoire;//upload.wikimedia.org/wikipedia/commons/f/fe/Flag_of_C%C3%B4te_d%27Ivoire.svg;, '2021-12-31 12:33:57',; '2021-12-31 12:33:57';(NULL,'CIV','Côte d'Ivoire','//upload.wikimedia.org/wikipedia/commons/f/fe/Flag_of_C%C3%B4te_d%27Ivoire.svg', '2021-12-31 12:33:57', '2021-12-31 12:33:57'),;;
HRV;Croatia;//upload.wikimedia.org/wikipedia/commons/1/1b/Flag_of_Croatia.svg;, '2021-12-31 12:33:57',; '2021-12-31 12:33:57';(NULL,'HRV','Croatia','//upload.wikimedia.org/wikipedia/commons/1/1b/Flag_of_Croatia.svg', '2021-12-31 12:33:57', '2021-12-31 12:33:57'),;;
CUB;Cuba;//upload.wikimedia.org/wikipedia/commons/b/bd/Flag_of_Cuba.svg;, '2021-12-31 12:33:57',; '2021-12-31 12:33:57';(NULL,'CUB','Cuba','//upload.wikimedia.org/wikipedia/commons/b/bd/Flag_of_Cuba.svg', '2021-12-31 12:33:57', '2021-12-31 12:33:57'),;;
CUW;Curaçao;//upload.wikimedia.org/wikipedia/commons/b/b1/Flag_of_Cura%C3%A7ao.svg;, '2021-12-31 12:33:57',; '2021-12-31 12:33:57';(NULL,'CUW','Curaçao','//upload.wikimedia.org/wikipedia/commons/b/b1/Flag_of_Cura%C3%A7ao.svg', '2021-12-31 12:33:57', '2021-12-31 12:33:57'),;;
CYP;Cyprus;//upload.wikimedia.org/wikipedia/commons/d/d4/Flag_of_Cyprus.svg;, '2021-12-31 12:33:57',; '2021-12-31 12:33:57';(NULL,'CYP','Cyprus','//upload.wikimedia.org/wikipedia/commons/d/d4/Flag_of_Cyprus.svg', '2021-12-31 12:33:57', '2021-12-31 12:33:57'),;;
CZE;Czech Republic;//upload.wikimedia.org/wikipedia/commons/c/cb/Flag_of_the_Czech_Republic.svg;, '2021-12-31 12:33:57',; '2021-12-31 12:33:57';(NULL,'CZE','Czech Republic','//upload.wikimedia.org/wikipedia/commons/c/cb/Flag_of_the_Czech_Republic.svg', '2021-12-31 12:33:57', '2021-12-31 12:33:57'),;;
DNK;Denmark;//upload.wikimedia.org/wikipedia/commons/9/9c/Flag_of_Denmark.svg;, '2021-12-31 12:33:57',; '2021-12-31 12:33:57';(NULL,'DNK','Denmark','//upload.wikimedia.org/wikipedia/commons/9/9c/Flag_of_Denmark.svg', '2021-12-31 12:33:57', '2021-12-31 12:33:57'),;;
DJI;Djibouti;//upload.wikimedia.org/wikipedia/commons/3/34/Flag_of_Djibouti.svg;, '2021-12-31 12:33:57',; '2021-12-31 12:33:57';(NULL,'DJI','Djibouti','//upload.wikimedia.org/wikipedia/commons/3/34/Flag_of_Djibouti.svg', '2021-12-31 12:33:57', '2021-12-31 12:33:57'),;;
DMA;Dominica;//upload.wikimedia.org/wikipedia/commons/c/c4/Flag_of_Dominica.svg;, '2021-12-31 12:33:57',; '2021-12-31 12:33:57';(NULL,'DMA','Dominica','//upload.wikimedia.org/wikipedia/commons/c/c4/Flag_of_Dominica.svg', '2021-12-31 12:33:57', '2021-12-31 12:33:57'),;;
DOM;Dominican Republic;//upload.wikimedia.org/wikipedia/commons/9/9f/Flag_of_the_Dominican_Republic.svg;, '2021-12-31 12:33:57',; '2021-12-31 12:33:57';(NULL,'DOM','Dominican Republic','//upload.wikimedia.org/wikipedia/commons/9/9f/Flag_of_the_Dominican_Republic.svg', '2021-12-31 12:33:57', '2021-12-31 12:33:57'),;;
ECU;Ecuador;//upload.wikimedia.org/wikipedia/commons/e/e8/Flag_of_Ecuador.svg;, '2021-12-31 12:33:57',; '2021-12-31 12:33:57';(NULL,'ECU','Ecuador','//upload.wikimedia.org/wikipedia/commons/e/e8/Flag_of_Ecuador.svg', '2021-12-31 12:33:57', '2021-12-31 12:33:57'),;;
EGY;Egypt;//upload.wikimedia.org/wikipedia/commons/f/fe/Flag_of_Egypt.svg;, '2021-12-31 12:33:57',; '2021-12-31 12:33:57';(NULL,'EGY','Egypt','//upload.wikimedia.org/wikipedia/commons/f/fe/Flag_of_Egypt.svg', '2021-12-31 12:33:57', '2021-12-31 12:33:57'),;;
SLV;El Salvador;//upload.wikimedia.org/wikipedia/commons/3/34/Flag_of_El_Salvador.svg;, '2021-12-31 12:33:57',; '2021-12-31 12:33:57';(NULL,'SLV','El Salvador','//upload.wikimedia.org/wikipedia/commons/3/34/Flag_of_El_Salvador.svg', '2021-12-31 12:33:57', '2021-12-31 12:33:57'),;;
GNQ;Equatorial Guinea;//upload.wikimedia.org/wikipedia/commons/3/31/Flag_of_Equatorial_Guinea.svg;, '2021-12-31 12:33:57',; '2021-12-31 12:33:57';(NULL,'GNQ','Equatorial Guinea','//upload.wikimedia.org/wikipedia/commons/3/31/Flag_of_Equatorial_Guinea.svg', '2021-12-31 12:33:57', '2021-12-31 12:33:57'),;;
ERI;Eritrea;//upload.wikimedia.org/wikipedia/commons/2/29/Flag_of_Eritrea.svg;, '2021-12-31 12:33:57',; '2021-12-31 12:33:57';(NULL,'ERI','Eritrea','//upload.wikimedia.org/wikipedia/commons/2/29/Flag_of_Eritrea.svg', '2021-12-31 12:33:57', '2021-12-31 12:33:57'),;;
EST;Estonia;//upload.wikimedia.org/wikipedia/commons/8/8f/Flag_of_Estonia.svg;, '2021-12-31 12:33:57',; '2021-12-31 12:33:57';(NULL,'EST','Estonia','//upload.wikimedia.org/wikipedia/commons/8/8f/Flag_of_Estonia.svg', '2021-12-31 12:33:57', '2021-12-31 12:33:57'),;;
ETH;Ethiopia;//upload.wikimedia.org/wikipedia/commons/7/71/Flag_of_Ethiopia.svg;, '2021-12-31 12:33:57',; '2021-12-31 12:33:57';(NULL,'ETH','Ethiopia','//upload.wikimedia.org/wikipedia/commons/7/71/Flag_of_Ethiopia.svg', '2021-12-31 12:33:57', '2021-12-31 12:33:57'),;;
FLK;Falkland Islands (Malvinas);//upload.wikimedia.org/wikipedia/commons/8/83/Flag_of_the_Falkland_Islands.svg;, '2021-12-31 12:33:57',; '2021-12-31 12:33:57';(NULL,'FLK','Falkland Islands (Malvinas)','//upload.wikimedia.org/wikipedia/commons/8/83/Flag_of_the_Falkland_Islands.svg', '2021-12-31 12:33:57', '2021-12-31 12:33:57'),;;
FRO;Faroe Islands;//upload.wikimedia.org/wikipedia/commons/3/3c/Flag_of_the_Faroe_Islands.svg;, '2021-12-31 12:33:57',; '2021-12-31 12:33:57';(NULL,'FRO','Faroe Islands','//upload.wikimedia.org/wikipedia/commons/3/3c/Flag_of_the_Faroe_Islands.svg', '2021-12-31 12:33:57', '2021-12-31 12:33:57'),;;
FJI;Fiji;//upload.wikimedia.org/wikipedia/commons/b/ba/Flag_of_Fiji.svg;, '2021-12-31 12:33:57',; '2021-12-31 12:33:57';(NULL,'FJI','Fiji','//upload.wikimedia.org/wikipedia/commons/b/ba/Flag_of_Fiji.svg', '2021-12-31 12:33:57', '2021-12-31 12:33:57'),;;
FIN;Finland;//upload.wikimedia.org/wikipedia/commons/b/bc/Flag_of_Finland.svg;, '2021-12-31 12:33:57',; '2021-12-31 12:33:57';(NULL,'FIN','Finland','//upload.wikimedia.org/wikipedia/commons/b/bc/Flag_of_Finland.svg', '2021-12-31 12:33:57', '2021-12-31 12:33:57'),;;
FRA;France;//upload.wikimedia.org/wikipedia/en/c/c3/Flag_of_France.svg;, '2021-12-31 12:33:57',; '2021-12-31 12:33:57';(NULL,'FRA','France','//upload.wikimedia.org/wikipedia/en/c/c3/Flag_of_France.svg', '2021-12-31 12:33:57', '2021-12-31 12:33:57'),;;
GUF;French Guiana;//upload.wikimedia.org/wikipedia/commons/2/29/Flag_of_French_Guiana.svg;, '2021-12-31 12:33:57',; '2021-12-31 12:33:57';(NULL,'GUF','French Guiana','//upload.wikimedia.org/wikipedia/commons/2/29/Flag_of_French_Guiana.svg', '2021-12-31 12:33:57', '2021-12-31 12:33:57'),;;
PYF;French Polynesia;//upload.wikimedia.org/wikipedia/commons/d/db/Flag_of_French_Polynesia.svg;, '2021-12-31 12:33:57',; '2021-12-31 12:33:57';(NULL,'PYF','French Polynesia','//upload.wikimedia.org/wikipedia/commons/d/db/Flag_of_French_Polynesia.svg', '2021-12-31 12:33:57', '2021-12-31 12:33:57'),;;
ATF;French Southern Territories;//upload.wikimedia.org/wikipedia/commons/a/a7/Flag_of_the_French_Southern_and_Antarctic_Lands.svg;, '2021-12-31 12:33:57',; '2021-12-31 12:33:57';(NULL,'ATF','French Southern Territories','//upload.wikimedia.org/wikipedia/commons/a/a7/Flag_of_the_French_Southern_and_Antarctic_Lands.svg', '2021-12-31 12:33:57', '2021-12-31 12:33:57'),;;
GAB;Gabon;//upload.wikimedia.org/wikipedia/commons/0/04/Flag_of_Gabon.svg;, '2021-12-31 12:33:57',; '2021-12-31 12:33:57';(NULL,'GAB','Gabon','//upload.wikimedia.org/wikipedia/commons/0/04/Flag_of_Gabon.svg', '2021-12-31 12:33:57', '2021-12-31 12:33:57'),;;
GMB;Gambia;//upload.wikimedia.org/wikipedia/commons/7/77/Flag_of_The_Gambia.svg;, '2021-12-31 12:33:57',; '2021-12-31 12:33:57';(NULL,'GMB','Gambia','//upload.wikimedia.org/wikipedia/commons/7/77/Flag_of_The_Gambia.svg', '2021-12-31 12:33:57', '2021-12-31 12:33:57'),;;
GEO;Georgia;//upload.wikimedia.org/wikipedia/commons/0/0f/Flag_of_Georgia.svg;, '2021-12-31 12:33:57',; '2021-12-31 12:33:57';(NULL,'GEO','Georgia','//upload.wikimedia.org/wikipedia/commons/0/0f/Flag_of_Georgia.svg', '2021-12-31 12:33:57', '2021-12-31 12:33:57'),;;
DEU;Germany;//upload.wikimedia.org/wikipedia/en/b/ba/Flag_of_Germany.svg;, '2021-12-31 12:33:57',; '2021-12-31 12:33:57';(NULL,'DEU','Germany','//upload.wikimedia.org/wikipedia/en/b/ba/Flag_of_Germany.svg', '2021-12-31 12:33:57', '2021-12-31 12:33:57'),;;
GHA;Ghana;//upload.wikimedia.org/wikipedia/commons/1/19/Flag_of_Ghana.svg;, '2021-12-31 12:33:57',; '2021-12-31 12:33:57';(NULL,'GHA','Ghana','//upload.wikimedia.org/wikipedia/commons/1/19/Flag_of_Ghana.svg', '2021-12-31 12:33:57', '2021-12-31 12:33:57'),;;
GIB;Gibraltar;//upload.wikimedia.org/wikipedia/commons/0/02/Flag_of_Gibraltar.svg;, '2021-12-31 12:33:57',; '2021-12-31 12:33:57';(NULL,'GIB','Gibraltar','//upload.wikimedia.org/wikipedia/commons/0/02/Flag_of_Gibraltar.svg', '2021-12-31 12:33:57', '2021-12-31 12:33:57'),;;
GRC;Greece;//upload.wikimedia.org/wikipedia/commons/5/5c/Flag_of_Greece.svg;, '2021-12-31 12:33:57',; '2021-12-31 12:33:57';(NULL,'GRC','Greece','//upload.wikimedia.org/wikipedia/commons/5/5c/Flag_of_Greece.svg', '2021-12-31 12:33:57', '2021-12-31 12:33:57'),;;
GRL;Greenland;//upload.wikimedia.org/wikipedia/commons/0/09/Flag_of_Greenland.svg;, '2021-12-31 12:33:57',; '2021-12-31 12:33:57';(NULL,'GRL','Greenland','//upload.wikimedia.org/wikipedia/commons/0/09/Flag_of_Greenland.svg', '2021-12-31 12:33:57', '2021-12-31 12:33:57'),;;
GRD;Grenada;//upload.wikimedia.org/wikipedia/commons/b/bc/Flag_of_Grenada.svg;, '2021-12-31 12:33:57',; '2021-12-31 12:33:57';(NULL,'GRD','Grenada','//upload.wikimedia.org/wikipedia/commons/b/bc/Flag_of_Grenada.svg', '2021-12-31 12:33:57', '2021-12-31 12:33:57'),;;
GLP;Guadeloupe;//upload.wikimedia.org/wikipedia/commons/0/04/Flag_of_Guadeloupe_%28local%29.svg;, '2021-12-31 12:33:57',; '2021-12-31 12:33:57';(NULL,'GLP','Guadeloupe','//upload.wikimedia.org/wikipedia/commons/0/04/Flag_of_Guadeloupe_%28local%29.svg', '2021-12-31 12:33:57', '2021-12-31 12:33:57'),;;
GUM;Guam;//upload.wikimedia.org/wikipedia/commons/0/07/Flag_of_Guam.svg;, '2021-12-31 12:33:57',; '2021-12-31 12:33:57';(NULL,'GUM','Guam','//upload.wikimedia.org/wikipedia/commons/0/07/Flag_of_Guam.svg', '2021-12-31 12:33:57', '2021-12-31 12:33:57'),;;
GTM;Guatemala;//upload.wikimedia.org/wikipedia/commons/e/ec/Flag_of_Guatemala.svg;, '2021-12-31 12:33:57',; '2021-12-31 12:33:57';(NULL,'GTM','Guatemala','//upload.wikimedia.org/wikipedia/commons/e/ec/Flag_of_Guatemala.svg', '2021-12-31 12:33:57', '2021-12-31 12:33:57'),;;
GGY;Guernsey;//upload.wikimedia.org/wikipedia/commons/f/fa/Flag_of_Guernsey.svg;, '2021-12-31 12:33:57',; '2021-12-31 12:33:57';(NULL,'GGY','Guernsey','//upload.wikimedia.org/wikipedia/commons/f/fa/Flag_of_Guernsey.svg', '2021-12-31 12:33:57', '2021-12-31 12:33:57'),;;
GIN;Guinea;//upload.wikimedia.org/wikipedia/commons/e/ed/Flag_of_Guinea.svg;, '2021-12-31 12:33:57',; '2021-12-31 12:33:57';(NULL,'GIN','Guinea','//upload.wikimedia.org/wikipedia/commons/e/ed/Flag_of_Guinea.svg', '2021-12-31 12:33:57', '2021-12-31 12:33:57'),;;
GNB;Guinea-Bissau;//upload.wikimedia.org/wikipedia/commons/0/01/Flag_of_Guinea-Bissau.svg;, '2021-12-31 12:33:57',; '2021-12-31 12:33:57';(NULL,'GNB','Guinea-Bissau','//upload.wikimedia.org/wikipedia/commons/0/01/Flag_of_Guinea-Bissau.svg', '2021-12-31 12:33:57', '2021-12-31 12:33:57'),;;
GUY;Guyana;//upload.wikimedia.org/wikipedia/commons/9/99/Flag_of_Guyana.svg;, '2021-12-31 12:33:57',; '2021-12-31 12:33:57';(NULL,'GUY','Guyana','//upload.wikimedia.org/wikipedia/commons/9/99/Flag_of_Guyana.svg', '2021-12-31 12:33:57', '2021-12-31 12:33:57'),;;
HTI;Haiti;//upload.wikimedia.org/wikipedia/commons/5/56/Flag_of_Haiti.svg;, '2021-12-31 12:33:57',; '2021-12-31 12:33:57';(NULL,'HTI','Haiti','//upload.wikimedia.org/wikipedia/commons/5/56/Flag_of_Haiti.svg', '2021-12-31 12:33:57', '2021-12-31 12:33:57'),;;
HMD;Heard Island and McDonald Islands;//upload.wikimedia.org/wikipedia/commons/f/fa/Flag_of_Antarctica.svg;, '2021-12-31 12:33:57',; '2021-12-31 12:33:57';(NULL,'HMD','Heard Island and McDonald Islands','//upload.wikimedia.org/wikipedia/commons/f/fa/Flag_of_Antarctica.svg', '2021-12-31 12:33:57', '2021-12-31 12:33:57'),;;
VAT;Holy See (Vatican City State);//upload.wikimedia.org/wikipedia/commons/0/00/Flag_of_the_Vatican_City.svg;, '2021-12-31 12:33:57',; '2021-12-31 12:33:57';(NULL,'VAT','Holy See (Vatican City State)','//upload.wikimedia.org/wikipedia/commons/0/00/Flag_of_the_Vatican_City.svg', '2021-12-31 12:33:57', '2021-12-31 12:33:57'),;;
HND;Honduras;//upload.wikimedia.org/wikipedia/commons/8/82/Flag_of_Honduras.svg;, '2021-12-31 12:33:57',; '2021-12-31 12:33:57';(NULL,'HND','Honduras','//upload.wikimedia.org/wikipedia/commons/8/82/Flag_of_Honduras.svg', '2021-12-31 12:33:57', '2021-12-31 12:33:57'),;;
HKG;Hong Kong;//upload.wikimedia.org/wikipedia/commons/5/5b/Flag_of_Hong_Kong.svg;, '2021-12-31 12:33:57',; '2021-12-31 12:33:57';(NULL,'HKG','Hong Kong','//upload.wikimedia.org/wikipedia/commons/5/5b/Flag_of_Hong_Kong.svg', '2021-12-31 12:33:57', '2021-12-31 12:33:57'),;;
HUN;Hungary;//upload.wikimedia.org/wikipedia/commons/c/c1/Flag_of_Hungary.svg;, '2021-12-31 12:33:57',; '2021-12-31 12:33:57';(NULL,'HUN','Hungary','//upload.wikimedia.org/wikipedia/commons/c/c1/Flag_of_Hungary.svg', '2021-12-31 12:33:57', '2021-12-31 12:33:57'),;;
ISL;Iceland;//upload.wikimedia.org/wikipedia/commons/c/ce/Flag_of_Iceland.svg;, '2021-12-31 12:33:57',; '2021-12-31 12:33:57';(NULL,'ISL','Iceland','//upload.wikimedia.org/wikipedia/commons/c/ce/Flag_of_Iceland.svg', '2021-12-31 12:33:57', '2021-12-31 12:33:57'),;;
IND;India;//upload.wikimedia.org/wikipedia/en/4/41/Flag_of_India.svg;, '2021-12-31 12:33:57',; '2021-12-31 12:33:57';(NULL,'IND','India','//upload.wikimedia.org/wikipedia/en/4/41/Flag_of_India.svg', '2021-12-31 12:33:57', '2021-12-31 12:33:57'),;;
IDN;Indonesia;//upload.wikimedia.org/wikipedia/commons/9/9f/Flag_of_Indonesia.svg;, '2021-12-31 12:33:57',; '2021-12-31 12:33:57';(NULL,'IDN','Indonesia','//upload.wikimedia.org/wikipedia/commons/9/9f/Flag_of_Indonesia.svg', '2021-12-31 12:33:57', '2021-12-31 12:33:57'),;;
IRN;Iran - Islamic Republic of;//upload.wikimedia.org/wikipedia/commons/c/ca/Flag_of_Iran.svg;, '2021-12-31 12:33:57',; '2021-12-31 12:33:57';(NULL,'IRN','Iran - Islamic Republic of','//upload.wikimedia.org/wikipedia/commons/c/ca/Flag_of_Iran.svg', '2021-12-31 12:33:57', '2021-12-31 12:33:57'),;;
IRQ;Iraq;//upload.wikimedia.org/wikipedia/commons/f/f6/Flag_of_Iraq.svg;, '2021-12-31 12:33:57',; '2021-12-31 12:33:57';(NULL,'IRQ','Iraq','//upload.wikimedia.org/wikipedia/commons/f/f6/Flag_of_Iraq.svg', '2021-12-31 12:33:57', '2021-12-31 12:33:57'),;;
IRL;Ireland;//upload.wikimedia.org/wikipedia/commons/4/45/Flag_of_Ireland.svg;, '2021-12-31 12:33:57',; '2021-12-31 12:33:57';(NULL,'IRL','Ireland','//upload.wikimedia.org/wikipedia/commons/4/45/Flag_of_Ireland.svg', '2021-12-31 12:33:57', '2021-12-31 12:33:57'),;;
IMN;Isle of Man;//upload.wikimedia.org/wikipedia/commons/b/bc/Flag_of_the_Isle_of_Man.svg;, '2021-12-31 12:33:57',; '2021-12-31 12:33:57';(NULL,'IMN','Isle of Man','//upload.wikimedia.org/wikipedia/commons/b/bc/Flag_of_the_Isle_of_Man.svg', '2021-12-31 12:33:57', '2021-12-31 12:33:57'),;;
ISR;Israel;//upload.wikimedia.org/wikipedia/commons/d/d4/Flag_of_Israel.svg;, '2021-12-31 12:33:57',; '2021-12-31 12:33:57';(NULL,'ISR','Israel','//upload.wikimedia.org/wikipedia/commons/d/d4/Flag_of_Israel.svg', '2021-12-31 12:33:57', '2021-12-31 12:33:57'),;;
ITA;Italy;//upload.wikimedia.org/wikipedia/en/0/03/Flag_of_Italy.svg;, '2021-12-31 12:33:57',; '2021-12-31 12:33:57';(NULL,'ITA','Italy','//upload.wikimedia.org/wikipedia/en/0/03/Flag_of_Italy.svg', '2021-12-31 12:33:57', '2021-12-31 12:33:57'),;;
JAM;Jamaica;//upload.wikimedia.org/wikipedia/commons/0/0a/Flag_of_Jamaica.svg;, '2021-12-31 12:33:57',; '2021-12-31 12:33:57';(NULL,'JAM','Jamaica','//upload.wikimedia.org/wikipedia/commons/0/0a/Flag_of_Jamaica.svg', '2021-12-31 12:33:57', '2021-12-31 12:33:57'),;;
JPN;Japan;//upload.wikimedia.org/wikipedia/en/9/9e/Flag_of_Japan.svg;, '2021-12-31 12:33:57',; '2021-12-31 12:33:57';(NULL,'JPN','Japan','//upload.wikimedia.org/wikipedia/en/9/9e/Flag_of_Japan.svg', '2021-12-31 12:33:57', '2021-12-31 12:33:57'),;;
JEY;Jersey;//upload.wikimedia.org/wikipedia/commons/1/1c/Flag_of_Jersey.svg;, '2021-12-31 12:33:57',; '2021-12-31 12:33:57';(NULL,'JEY','Jersey','//upload.wikimedia.org/wikipedia/commons/1/1c/Flag_of_Jersey.svg', '2021-12-31 12:33:57', '2021-12-31 12:33:57'),;;
JOR;Jordan;//upload.wikimedia.org/wikipedia/commons/c/c0/Flag_of_Jordan.svg;, '2021-12-31 12:33:57',; '2021-12-31 12:33:57';(NULL,'JOR','Jordan','//upload.wikimedia.org/wikipedia/commons/c/c0/Flag_of_Jordan.svg', '2021-12-31 12:33:57', '2021-12-31 12:33:57'),;;
KAZ;Kazakhstan;//upload.wikimedia.org/wikipedia/commons/d/d3/Flag_of_Kazakhstan.svg;, '2021-12-31 12:33:57',; '2021-12-31 12:33:57';(NULL,'KAZ','Kazakhstan','//upload.wikimedia.org/wikipedia/commons/d/d3/Flag_of_Kazakhstan.svg', '2021-12-31 12:33:57', '2021-12-31 12:33:57'),;;
KEN;Kenya;//upload.wikimedia.org/wikipedia/commons/4/49/Flag_of_Kenya.svg;, '2021-12-31 12:33:57',; '2021-12-31 12:33:57';(NULL,'KEN','Kenya','//upload.wikimedia.org/wikipedia/commons/4/49/Flag_of_Kenya.svg', '2021-12-31 12:33:57', '2021-12-31 12:33:57'),;;
KIR;Kiribati;//upload.wikimedia.org/wikipedia/commons/d/d3/Flag_of_Kiribati.svg;, '2021-12-31 12:33:57',; '2021-12-31 12:33:57';(NULL,'KIR','Kiribati','//upload.wikimedia.org/wikipedia/commons/d/d3/Flag_of_Kiribati.svg', '2021-12-31 12:33:57', '2021-12-31 12:33:57'),;;
PRK;Korea - Democratic People's Republic of;//upload.wikimedia.org/wikipedia/commons/5/51/Flag_of_North_Korea.svg;, '2021-12-31 12:33:57',; '2021-12-31 12:33:57';(NULL,'PRK','Korea - Democratic People's Republic of','//upload.wikimedia.org/wikipedia/commons/5/51/Flag_of_North_Korea.svg', '2021-12-31 12:33:57', '2021-12-31 12:33:57'),;;
KOR;Korea - Republic of;//upload.wikimedia.org/wikipedia/commons/0/09/Flag_of_South_Korea.svg;, '2021-12-31 12:33:57',; '2021-12-31 12:33:57';(NULL,'KOR','Korea - Republic of','//upload.wikimedia.org/wikipedia/commons/0/09/Flag_of_South_Korea.svg', '2021-12-31 12:33:57', '2021-12-31 12:33:57'),;;
KWT;Kuwait;//upload.wikimedia.org/wikipedia/commons/a/aa/Flag_of_Kuwait.svg;, '2021-12-31 12:33:57',; '2021-12-31 12:33:57';(NULL,'KWT','Kuwait','//upload.wikimedia.org/wikipedia/commons/a/aa/Flag_of_Kuwait.svg', '2021-12-31 12:33:57', '2021-12-31 12:33:57'),;;
KGZ;Kyrgyzstan;//upload.wikimedia.org/wikipedia/commons/c/c7/Flag_of_Kyrgyzstan.svg;, '2021-12-31 12:33:57',; '2021-12-31 12:33:57';(NULL,'KGZ','Kyrgyzstan','//upload.wikimedia.org/wikipedia/commons/c/c7/Flag_of_Kyrgyzstan.svg', '2021-12-31 12:33:57', '2021-12-31 12:33:57'),;;
LAO;Lao People's Democratic Republic;//upload.wikimedia.org/wikipedia/commons/5/56/Flag_of_Laos.svg;, '2021-12-31 12:33:57',; '2021-12-31 12:33:57';(NULL,'LAO','Lao People's Democratic Republic','//upload.wikimedia.org/wikipedia/commons/5/56/Flag_of_Laos.svg', '2021-12-31 12:33:57', '2021-12-31 12:33:57'),;;
LVA;Latvia;//upload.wikimedia.org/wikipedia/commons/8/84/Flag_of_Latvia.svg;, '2021-12-31 12:33:57',; '2021-12-31 12:33:57';(NULL,'LVA','Latvia','//upload.wikimedia.org/wikipedia/commons/8/84/Flag_of_Latvia.svg', '2021-12-31 12:33:57', '2021-12-31 12:33:57'),;;
LBN;Lebanon;//upload.wikimedia.org/wikipedia/commons/5/59/Flag_of_Lebanon.svg;, '2021-12-31 12:33:57',; '2021-12-31 12:33:57';(NULL,'LBN','Lebanon','//upload.wikimedia.org/wikipedia/commons/5/59/Flag_of_Lebanon.svg', '2021-12-31 12:33:57', '2021-12-31 12:33:57'),;;
LSO;Lesotho;//upload.wikimedia.org/wikipedia/commons/4/4a/Flag_of_Lesotho.svg;, '2021-12-31 12:33:57',; '2021-12-31 12:33:57';(NULL,'LSO','Lesotho','//upload.wikimedia.org/wikipedia/commons/4/4a/Flag_of_Lesotho.svg', '2021-12-31 12:33:57', '2021-12-31 12:33:57'),;;
LBR;Liberia;//upload.wikimedia.org/wikipedia/commons/b/b8/Flag_of_Liberia.svg;, '2021-12-31 12:33:57',; '2021-12-31 12:33:57';(NULL,'LBR','Liberia','//upload.wikimedia.org/wikipedia/commons/b/b8/Flag_of_Liberia.svg', '2021-12-31 12:33:57', '2021-12-31 12:33:57'),;;
LBY;Libya;//upload.wikimedia.org/wikipedia/commons/0/05/Flag_of_Libya.svg;, '2021-12-31 12:33:57',; '2021-12-31 12:33:57';(NULL,'LBY','Libya','//upload.wikimedia.org/wikipedia/commons/0/05/Flag_of_Libya.svg', '2021-12-31 12:33:57', '2021-12-31 12:33:57'),;;
LIE;Liechtenstein;//upload.wikimedia.org/wikipedia/commons/4/47/Flag_of_Liechtenstein.svg;, '2021-12-31 12:33:57',; '2021-12-31 12:33:57';(NULL,'LIE','Liechtenstein','//upload.wikimedia.org/wikipedia/commons/4/47/Flag_of_Liechtenstein.svg', '2021-12-31 12:33:57', '2021-12-31 12:33:57'),;;
LTU;Lithuania;//upload.wikimedia.org/wikipedia/commons/1/11/Flag_of_Lithuania.svg;, '2021-12-31 12:33:57',; '2021-12-31 12:33:57';(NULL,'LTU','Lithuania','//upload.wikimedia.org/wikipedia/commons/1/11/Flag_of_Lithuania.svg', '2021-12-31 12:33:57', '2021-12-31 12:33:57'),;;
LUX;Luxembourg;//upload.wikimedia.org/wikipedia/commons/d/da/Flag_of_Luxembourg.svg;, '2021-12-31 12:33:57',; '2021-12-31 12:33:57';(NULL,'LUX','Luxembourg','//upload.wikimedia.org/wikipedia/commons/d/da/Flag_of_Luxembourg.svg', '2021-12-31 12:33:57', '2021-12-31 12:33:57'),;;
MAC;Macao;//upload.wikimedia.org/wikipedia/commons/6/63/Flag_of_Macau.svg;, '2021-12-31 12:33:57',; '2021-12-31 12:33:57';(NULL,'MAC','Macao','//upload.wikimedia.org/wikipedia/commons/6/63/Flag_of_Macau.svg', '2021-12-31 12:33:57', '2021-12-31 12:33:57'),;;
MKD;Macedonia - the former Yugoslav Republic of;//upload.wikimedia.org/wikipedia/commons/f/f8/Flag_of_Macedonia.svg;, '2021-12-31 12:33:57',; '2021-12-31 12:33:57';(NULL,'MKD','Macedonia - the former Yugoslav Republic of','//upload.wikimedia.org/wikipedia/commons/f/f8/Flag_of_Macedonia.svg', '2021-12-31 12:33:57', '2021-12-31 12:33:57'),;;
MDG;Madagascar;//upload.wikimedia.org/wikipedia/commons/b/bc/Flag_of_Madagascar.svg;, '2021-12-31 12:33:57',; '2021-12-31 12:33:57';(NULL,'MDG','Madagascar','//upload.wikimedia.org/wikipedia/commons/b/bc/Flag_of_Madagascar.svg', '2021-12-31 12:33:57', '2021-12-31 12:33:57'),;;
MWI;Malawi;//upload.wikimedia.org/wikipedia/commons/d/d1/Flag_of_Malawi.svg;, '2021-12-31 12:33:57',; '2021-12-31 12:33:57';(NULL,'MWI','Malawi','//upload.wikimedia.org/wikipedia/commons/d/d1/Flag_of_Malawi.svg', '2021-12-31 12:33:57', '2021-12-31 12:33:57'),;;
MYS;Malaysia;//upload.wikimedia.org/wikipedia/commons/6/66/Flag_of_Malaysia.svg;, '2021-12-31 12:33:57',; '2021-12-31 12:33:57';(NULL,'MYS','Malaysia','//upload.wikimedia.org/wikipedia/commons/6/66/Flag_of_Malaysia.svg', '2021-12-31 12:33:57', '2021-12-31 12:33:57'),;;
MDV;Maldives;//upload.wikimedia.org/wikipedia/commons/0/0f/Flag_of_Maldives.svg;, '2021-12-31 12:33:57',; '2021-12-31 12:33:57';(NULL,'MDV','Maldives','//upload.wikimedia.org/wikipedia/commons/0/0f/Flag_of_Maldives.svg', '2021-12-31 12:33:57', '2021-12-31 12:33:57'),;;
MLI;Mali;//upload.wikimedia.org/wikipedia/commons/9/92/Flag_of_Mali.svg;, '2021-12-31 12:33:57',; '2021-12-31 12:33:57';(NULL,'MLI','Mali','//upload.wikimedia.org/wikipedia/commons/9/92/Flag_of_Mali.svg', '2021-12-31 12:33:57', '2021-12-31 12:33:57'),;;
MLT;Malta;//upload.wikimedia.org/wikipedia/commons/7/73/Flag_of_Malta.svg;, '2021-12-31 12:33:57',; '2021-12-31 12:33:57';(NULL,'MLT','Malta','//upload.wikimedia.org/wikipedia/commons/7/73/Flag_of_Malta.svg', '2021-12-31 12:33:57', '2021-12-31 12:33:57'),;;
MHL;Marshall Islands;//upload.wikimedia.org/wikipedia/commons/2/2e/Flag_of_the_Marshall_Islands.svg;, '2021-12-31 12:33:57',; '2021-12-31 12:33:57';(NULL,'MHL','Marshall Islands','//upload.wikimedia.org/wikipedia/commons/2/2e/Flag_of_the_Marshall_Islands.svg', '2021-12-31 12:33:57', '2021-12-31 12:33:57'),;;
MTQ;Martinique;//upload.wikimedia.org/wikipedia/commons/5/52/Flag_of_Martinique.svg;, '2021-12-31 12:33:57',; '2021-12-31 12:33:57';(NULL,'MTQ','Martinique','//upload.wikimedia.org/wikipedia/commons/5/52/Flag_of_Martinique.svg', '2021-12-31 12:33:57', '2021-12-31 12:33:57'),;;
MRT;Mauritania;//upload.wikimedia.org/wikipedia/commons/4/43/Flag_of_Mauritania.svg;, '2021-12-31 12:33:57',; '2021-12-31 12:33:57';(NULL,'MRT','Mauritania','//upload.wikimedia.org/wikipedia/commons/4/43/Flag_of_Mauritania.svg', '2021-12-31 12:33:57', '2021-12-31 12:33:57'),;;
MUS;Mauritius;//upload.wikimedia.org/wikipedia/commons/7/77/Flag_of_Mauritius.svg;, '2021-12-31 12:33:57',; '2021-12-31 12:33:57';(NULL,'MUS','Mauritius','//upload.wikimedia.org/wikipedia/commons/7/77/Flag_of_Mauritius.svg', '2021-12-31 12:33:57', '2021-12-31 12:33:57'),;;
MYT;Mayotte;//upload.wikimedia.org/wikipedia/en/c/c3/Flag_of_France.svg;, '2021-12-31 12:33:57',; '2021-12-31 12:33:57';(NULL,'MYT','Mayotte','//upload.wikimedia.org/wikipedia/en/c/c3/Flag_of_France.svg', '2021-12-31 12:33:57', '2021-12-31 12:33:57'),;;
MEX;Mexico;//upload.wikimedia.org/wikipedia/commons/f/fc/Flag_of_Mexico.svg;, '2021-12-31 12:33:57',; '2021-12-31 12:33:57';(NULL,'MEX','Mexico','//upload.wikimedia.org/wikipedia/commons/f/fc/Flag_of_Mexico.svg', '2021-12-31 12:33:57', '2021-12-31 12:33:57'),;;
FSM;Micronesia - Federated States of;//upload.wikimedia.org/wikipedia/commons/e/e4/Flag_of_the_Federated_States_of_Micronesia.svg;, '2021-12-31 12:33:57',; '2021-12-31 12:33:57';(NULL,'FSM','Micronesia - Federated States of','//upload.wikimedia.org/wikipedia/commons/e/e4/Flag_of_the_Federated_States_of_Micronesia.svg', '2021-12-31 12:33:57', '2021-12-31 12:33:57'),;;
MDA;Moldova - Republic of;//upload.wikimedia.org/wikipedia/commons/2/27/Flag_of_Moldova.svg;, '2021-12-31 12:33:57',; '2021-12-31 12:33:57';(NULL,'MDA','Moldova - Republic of','//upload.wikimedia.org/wikipedia/commons/2/27/Flag_of_Moldova.svg', '2021-12-31 12:33:57', '2021-12-31 12:33:57'),;;
MCO;Monaco;//upload.wikimedia.org/wikipedia/commons/e/ea/Flag_of_Monaco.svg;, '2021-12-31 12:33:57',; '2021-12-31 12:33:57';(NULL,'MCO','Monaco','//upload.wikimedia.org/wikipedia/commons/e/ea/Flag_of_Monaco.svg', '2021-12-31 12:33:57', '2021-12-31 12:33:57'),;;
MNG;Mongolia;//upload.wikimedia.org/wikipedia/commons/4/4c/Flag_of_Mongolia.svg;, '2021-12-31 12:33:57',; '2021-12-31 12:33:57';(NULL,'MNG','Mongolia','//upload.wikimedia.org/wikipedia/commons/4/4c/Flag_of_Mongolia.svg', '2021-12-31 12:33:57', '2021-12-31 12:33:57'),;;
MNE;Montenegro;//upload.wikimedia.org/wikipedia/commons/6/64/Flag_of_Montenegro.svg;, '2021-12-31 12:33:57',; '2021-12-31 12:33:57';(NULL,'MNE','Montenegro','//upload.wikimedia.org/wikipedia/commons/6/64/Flag_of_Montenegro.svg', '2021-12-31 12:33:57', '2021-12-31 12:33:57'),;;
MSR;Montserrat;//upload.wikimedia.org/wikipedia/commons/d/d0/Flag_of_Montserrat.svg;, '2021-12-31 12:33:57',; '2021-12-31 12:33:57';(NULL,'MSR','Montserrat','//upload.wikimedia.org/wikipedia/commons/d/d0/Flag_of_Montserrat.svg', '2021-12-31 12:33:57', '2021-12-31 12:33:57'),;;
MAR;Morocco;//upload.wikimedia.org/wikipedia/commons/2/2c/Flag_of_Morocco.svg;, '2021-12-31 12:33:57',; '2021-12-31 12:33:57';(NULL,'MAR','Morocco','//upload.wikimedia.org/wikipedia/commons/2/2c/Flag_of_Morocco.svg', '2021-12-31 12:33:57', '2021-12-31 12:33:57'),;;
MOZ;Mozambique;//upload.wikimedia.org/wikipedia/commons/d/d0/Flag_of_Mozambique.svg;, '2021-12-31 12:33:57',; '2021-12-31 12:33:57';(NULL,'MOZ','Mozambique','//upload.wikimedia.org/wikipedia/commons/d/d0/Flag_of_Mozambique.svg', '2021-12-31 12:33:57', '2021-12-31 12:33:57'),;;
MMR;Myanmar;//upload.wikimedia.org/wikipedia/commons/8/8c/Flag_of_Myanmar.svg;, '2021-12-31 12:33:57',; '2021-12-31 12:33:57';(NULL,'MMR','Myanmar','//upload.wikimedia.org/wikipedia/commons/8/8c/Flag_of_Myanmar.svg', '2021-12-31 12:33:57', '2021-12-31 12:33:57'),;;
NAM;Namibia;//upload.wikimedia.org/wikipedia/commons/0/00/Flag_of_Namibia.svg;, '2021-12-31 12:33:57',; '2021-12-31 12:33:57';(NULL,'NAM','Namibia','//upload.wikimedia.org/wikipedia/commons/0/00/Flag_of_Namibia.svg', '2021-12-31 12:33:57', '2021-12-31 12:33:57'),;;
NRU;Nauru;//upload.wikimedia.org/wikipedia/commons/3/30/Flag_of_Nauru.svg;, '2021-12-31 12:33:57',; '2021-12-31 12:33:57';(NULL,'NRU','Nauru','//upload.wikimedia.org/wikipedia/commons/3/30/Flag_of_Nauru.svg', '2021-12-31 12:33:57', '2021-12-31 12:33:57'),;;
NPL;Nepal;//upload.wikimedia.org/wikipedia/commons/9/9b/Flag_of_Nepal.svg;, '2021-12-31 12:33:57',; '2021-12-31 12:33:57';(NULL,'NPL','Nepal','//upload.wikimedia.org/wikipedia/commons/9/9b/Flag_of_Nepal.svg', '2021-12-31 12:33:57', '2021-12-31 12:33:57'),;;
NLD;Netherlands;//upload.wikimedia.org/wikipedia/commons/2/20/Flag_of_the_Netherlands.svg;, '2021-12-31 12:33:57',; '2021-12-31 12:33:57';(NULL,'NLD','Netherlands','//upload.wikimedia.org/wikipedia/commons/2/20/Flag_of_the_Netherlands.svg', '2021-12-31 12:33:57', '2021-12-31 12:33:57'),;;
NCL;New Caledonia;//upload.wikimedia.org/wikipedia/commons/2/23/Flag_of_New_Caledonia.svg;, '2021-12-31 12:33:57',; '2021-12-31 12:33:57';(NULL,'NCL','New Caledonia','//upload.wikimedia.org/wikipedia/commons/2/23/Flag_of_New_Caledonia.svg', '2021-12-31 12:33:57', '2021-12-31 12:33:57'),;;
NZL;New Zealand;//upload.wikimedia.org/wikipedia/commons/3/3e/Flag_of_New_Zealand.svg;, '2021-12-31 12:33:57',; '2021-12-31 12:33:57';(NULL,'NZL','New Zealand','//upload.wikimedia.org/wikipedia/commons/3/3e/Flag_of_New_Zealand.svg', '2021-12-31 12:33:57', '2021-12-31 12:33:57'),;;
NIC;Nicaragua;//upload.wikimedia.org/wikipedia/commons/1/19/Flag_of_Nicaragua.svg;, '2021-12-31 12:33:57',; '2021-12-31 12:33:57';(NULL,'NIC','Nicaragua','//upload.wikimedia.org/wikipedia/commons/1/19/Flag_of_Nicaragua.svg', '2021-12-31 12:33:57', '2021-12-31 12:33:57'),;;
NER;Niger;//upload.wikimedia.org/wikipedia/commons/f/f4/Flag_of_Niger.svg;, '2021-12-31 12:33:57',; '2021-12-31 12:33:57';(NULL,'NER','Niger','//upload.wikimedia.org/wikipedia/commons/f/f4/Flag_of_Niger.svg', '2021-12-31 12:33:57', '2021-12-31 12:33:57'),;;
NGA;Nigeria;//upload.wikimedia.org/wikipedia/commons/7/79/Flag_of_Nigeria.svg;, '2021-12-31 12:33:57',; '2021-12-31 12:33:57';(NULL,'NGA','Nigeria','//upload.wikimedia.org/wikipedia/commons/7/79/Flag_of_Nigeria.svg', '2021-12-31 12:33:57', '2021-12-31 12:33:57'),;;
NIU;Niue;//upload.wikimedia.org/wikipedia/commons/0/01/Flag_of_Niue.svg;, '2021-12-31 12:33:57',; '2021-12-31 12:33:57';(NULL,'NIU','Niue','//upload.wikimedia.org/wikipedia/commons/0/01/Flag_of_Niue.svg', '2021-12-31 12:33:57', '2021-12-31 12:33:57'),;;
NFK;Norfolk Island;//upload.wikimedia.org/wikipedia/commons/4/48/Flag_of_Norfolk_Island.svg;, '2021-12-31 12:33:57',; '2021-12-31 12:33:57';(NULL,'NFK','Norfolk Island','//upload.wikimedia.org/wikipedia/commons/4/48/Flag_of_Norfolk_Island.svg', '2021-12-31 12:33:57', '2021-12-31 12:33:57'),;;
MNP;Northern Mariana Islands;//upload.wikimedia.org/wikipedia/commons/e/e0/Flag_of_the_Northern_Mariana_Islands.svg;, '2021-12-31 12:33:57',; '2021-12-31 12:33:57';(NULL,'MNP','Northern Mariana Islands','//upload.wikimedia.org/wikipedia/commons/e/e0/Flag_of_the_Northern_Mariana_Islands.svg', '2021-12-31 12:33:57', '2021-12-31 12:33:57'),;;
NOR;Norway;//upload.wikimedia.org/wikipedia/commons/d/d9/Flag_of_Norway.svg;, '2021-12-31 12:33:57',; '2021-12-31 12:33:57';(NULL,'NOR','Norway','//upload.wikimedia.org/wikipedia/commons/d/d9/Flag_of_Norway.svg', '2021-12-31 12:33:57', '2021-12-31 12:33:57'),;;
OMN;Oman;//upload.wikimedia.org/wikipedia/commons/d/dd/Flag_of_Oman.svg;, '2021-12-31 12:33:57',; '2021-12-31 12:33:57';(NULL,'OMN','Oman','//upload.wikimedia.org/wikipedia/commons/d/dd/Flag_of_Oman.svg', '2021-12-31 12:33:57', '2021-12-31 12:33:57'),;;
PAK;Pakistan;//upload.wikimedia.org/wikipedia/commons/3/32/Flag_of_Pakistan.svg;, '2021-12-31 12:33:57',; '2021-12-31 12:33:57';(NULL,'PAK','Pakistan','//upload.wikimedia.org/wikipedia/commons/3/32/Flag_of_Pakistan.svg', '2021-12-31 12:33:57', '2021-12-31 12:33:57'),;;
PLW;Palau;//upload.wikimedia.org/wikipedia/commons/4/48/Flag_of_Palau.svg;, '2021-12-31 12:33:57',; '2021-12-31 12:33:57';(NULL,'PLW','Palau','//upload.wikimedia.org/wikipedia/commons/4/48/Flag_of_Palau.svg', '2021-12-31 12:33:57', '2021-12-31 12:33:57'),;;
PSE;Palestine - State of;//upload.wikimedia.org/wikipedia/commons/0/00/Flag_of_Palestine.svg;, '2021-12-31 12:33:57',; '2021-12-31 12:33:57';(NULL,'PSE','Palestine - State of','//upload.wikimedia.org/wikipedia/commons/0/00/Flag_of_Palestine.svg', '2021-12-31 12:33:57', '2021-12-31 12:33:57'),;;
PAN;Panama;//upload.wikimedia.org/wikipedia/commons/a/ab/Flag_of_Panama.svg;, '2021-12-31 12:33:57',; '2021-12-31 12:33:57';(NULL,'PAN','Panama','//upload.wikimedia.org/wikipedia/commons/a/ab/Flag_of_Panama.svg', '2021-12-31 12:33:57', '2021-12-31 12:33:57'),;;
PNG;Papua New Guinea;//upload.wikimedia.org/wikipedia/commons/e/e3/Flag_of_Papua_New_Guinea.svg;, '2021-12-31 12:33:57',; '2021-12-31 12:33:57';(NULL,'PNG','Papua New Guinea','//upload.wikimedia.org/wikipedia/commons/e/e3/Flag_of_Papua_New_Guinea.svg', '2021-12-31 12:33:57', '2021-12-31 12:33:57'),;;
PRY;Paraguay;//upload.wikimedia.org/wikipedia/commons/2/27/Flag_of_Paraguay.svg;, '2021-12-31 12:33:57',; '2021-12-31 12:33:57';(NULL,'PRY','Paraguay','//upload.wikimedia.org/wikipedia/commons/2/27/Flag_of_Paraguay.svg', '2021-12-31 12:33:57', '2021-12-31 12:33:57'),;;
PER;Peru;//upload.wikimedia.org/wikipedia/commons/c/cf/Flag_of_Peru.svg;, '2021-12-31 12:33:57',; '2021-12-31 12:33:57';(NULL,'PER','Peru','//upload.wikimedia.org/wikipedia/commons/c/cf/Flag_of_Peru.svg', '2021-12-31 12:33:57', '2021-12-31 12:33:57'),;;
PHL;Philippines;//upload.wikimedia.org/wikipedia/commons/9/99/Flag_of_the_Philippines.svg;, '2021-12-31 12:33:57',; '2021-12-31 12:33:57';(NULL,'PHL','Philippines','//upload.wikimedia.org/wikipedia/commons/9/99/Flag_of_the_Philippines.svg', '2021-12-31 12:33:57', '2021-12-31 12:33:57'),;;
PCN;Pitcairn;//upload.wikimedia.org/wikipedia/commons/8/88/Flag_of_the_Pitcairn_Islands.svg;, '2021-12-31 12:33:57',; '2021-12-31 12:33:57';(NULL,'PCN','Pitcairn','//upload.wikimedia.org/wikipedia/commons/8/88/Flag_of_the_Pitcairn_Islands.svg', '2021-12-31 12:33:57', '2021-12-31 12:33:57'),;;
POL;Poland;//upload.wikimedia.org/wikipedia/en/1/12/Flag_of_Poland.svg;, '2021-12-31 12:33:57',; '2021-12-31 12:33:57';(NULL,'POL','Poland','//upload.wikimedia.org/wikipedia/en/1/12/Flag_of_Poland.svg', '2021-12-31 12:33:57', '2021-12-31 12:33:57'),;;
PRT;Portugal;//upload.wikimedia.org/wikipedia/commons/5/5c/Flag_of_Portugal.svg;, '2021-12-31 12:33:57',; '2021-12-31 12:33:57';(NULL,'PRT','Portugal','//upload.wikimedia.org/wikipedia/commons/5/5c/Flag_of_Portugal.svg', '2021-12-31 12:33:57', '2021-12-31 12:33:57'),;;
PRI;Puerto Rico;//upload.wikimedia.org/wikipedia/commons/2/28/Flag_of_Puerto_Rico.svg;, '2021-12-31 12:33:57',; '2021-12-31 12:33:57';(NULL,'PRI','Puerto Rico','//upload.wikimedia.org/wikipedia/commons/2/28/Flag_of_Puerto_Rico.svg', '2021-12-31 12:33:57', '2021-12-31 12:33:57'),;;
QAT;Qatar;//upload.wikimedia.org/wikipedia/commons/6/65/Flag_of_Qatar.svg;, '2021-12-31 12:33:57',; '2021-12-31 12:33:57';(NULL,'QAT','Qatar','//upload.wikimedia.org/wikipedia/commons/6/65/Flag_of_Qatar.svg', '2021-12-31 12:33:57', '2021-12-31 12:33:57'),;;
REU;Réunion;//upload.wikimedia.org/wikipedia/en/c/c3/Flag_of_France.svg;, '2021-12-31 12:33:57',; '2021-12-31 12:33:57';(NULL,'REU','Réunion','//upload.wikimedia.org/wikipedia/en/c/c3/Flag_of_France.svg', '2021-12-31 12:33:57', '2021-12-31 12:33:57'),;;
ROU;Romania;//upload.wikimedia.org/wikipedia/commons/7/73/Flag_of_Romania.svg;, '2021-12-31 12:33:57',; '2021-12-31 12:33:57';(NULL,'ROU','Romania','//upload.wikimedia.org/wikipedia/commons/7/73/Flag_of_Romania.svg', '2021-12-31 12:33:57', '2021-12-31 12:33:57'),;;
RUS;Russian Federation;//upload.wikimedia.org/wikipedia/en/f/f3/Flag_of_Russia.svg;, '2021-12-31 12:33:57',; '2021-12-31 12:33:57';(NULL,'RUS','Russian Federation','//upload.wikimedia.org/wikipedia/en/f/f3/Flag_of_Russia.svg', '2021-12-31 12:33:57', '2021-12-31 12:33:57'),;;
RWA;Rwanda;//upload.wikimedia.org/wikipedia/commons/1/17/Flag_of_Rwanda.svg;, '2021-12-31 12:33:57',; '2021-12-31 12:33:57';(NULL,'RWA','Rwanda','//upload.wikimedia.org/wikipedia/commons/1/17/Flag_of_Rwanda.svg', '2021-12-31 12:33:57', '2021-12-31 12:33:57'),;;
BLM;Saint Barthélemy;//upload.wikimedia.org/wikipedia/en/c/c3/Flag_of_France.svg;, '2021-12-31 12:33:57',; '2021-12-31 12:33:57';(NULL,'BLM','Saint Barthélemy','//upload.wikimedia.org/wikipedia/en/c/c3/Flag_of_France.svg', '2021-12-31 12:33:57', '2021-12-31 12:33:57'),;;
SHN;Saint Helena - Ascension and Tristan da Cunha;//upload.wikimedia.org/wikipedia/en/a/ae/Flag_of_the_United_Kingdom.svg;, '2021-12-31 12:33:57',; '2021-12-31 12:33:57';(NULL,'SHN','Saint Helena - Ascension and Tristan da Cunha','//upload.wikimedia.org/wikipedia/en/a/ae/Flag_of_the_United_Kingdom.svg', '2021-12-31 12:33:57', '2021-12-31 12:33:57'),;;
KNA;Saint Kitts and Nevis;//upload.wikimedia.org/wikipedia/commons/f/fe/Flag_of_Saint_Kitts_and_Nevis.svg;, '2021-12-31 12:33:57',; '2021-12-31 12:33:57';(NULL,'KNA','Saint Kitts and Nevis','//upload.wikimedia.org/wikipedia/commons/f/fe/Flag_of_Saint_Kitts_and_Nevis.svg', '2021-12-31 12:33:57', '2021-12-31 12:33:57'),;;
LCA;Saint Lucia;//upload.wikimedia.org/wikipedia/commons/9/9f/Flag_of_Saint_Lucia.svg;, '2021-12-31 12:33:57',; '2021-12-31 12:33:57';(NULL,'LCA','Saint Lucia','//upload.wikimedia.org/wikipedia/commons/9/9f/Flag_of_Saint_Lucia.svg', '2021-12-31 12:33:57', '2021-12-31 12:33:57'),;;
MAF;Saint Martin (French part);//upload.wikimedia.org/wikipedia/en/c/c3/Flag_of_France.svg;, '2021-12-31 12:33:57',; '2021-12-31 12:33:57';(NULL,'MAF','Saint Martin (French part)','//upload.wikimedia.org/wikipedia/en/c/c3/Flag_of_France.svg', '2021-12-31 12:33:57', '2021-12-31 12:33:57'),;;
SPM;Saint Pierre and Miquelon;//upload.wikimedia.org/wikipedia/commons/7/74/Flag_of_Saint-Pierre_and_Miquelon.svg;, '2021-12-31 12:33:57',; '2021-12-31 12:33:57';(NULL,'SPM','Saint Pierre and Miquelon','//upload.wikimedia.org/wikipedia/commons/7/74/Flag_of_Saint-Pierre_and_Miquelon.svg', '2021-12-31 12:33:57', '2021-12-31 12:33:57'),;;
VCT;Saint Vincent and the Grenadines;//upload.wikimedia.org/wikipedia/commons/6/6d/Flag_of_Saint_Vincent_and_the_Grenadines.svg;, '2021-12-31 12:33:57',; '2021-12-31 12:33:57';(NULL,'VCT','Saint Vincent and the Grenadines','//upload.wikimedia.org/wikipedia/commons/6/6d/Flag_of_Saint_Vincent_and_the_Grenadines.svg', '2021-12-31 12:33:57', '2021-12-31 12:33:57'),;;
WSM;Samoa;//upload.wikimedia.org/wikipedia/commons/3/31/Flag_of_Samoa.svg;, '2021-12-31 12:33:57',; '2021-12-31 12:33:57';(NULL,'WSM','Samoa','//upload.wikimedia.org/wikipedia/commons/3/31/Flag_of_Samoa.svg', '2021-12-31 12:33:57', '2021-12-31 12:33:57'),;;
SMR;San Marino;//upload.wikimedia.org/wikipedia/commons/b/b1/Flag_of_San_Marino.svg;, '2021-12-31 12:33:57',; '2021-12-31 12:33:57';(NULL,'SMR','San Marino','//upload.wikimedia.org/wikipedia/commons/b/b1/Flag_of_San_Marino.svg', '2021-12-31 12:33:57', '2021-12-31 12:33:57'),;;
STP;Sao Tome and Principe;//upload.wikimedia.org/wikipedia/commons/4/4f/Flag_of_Sao_Tome_and_Principe.svg;, '2021-12-31 12:33:57',; '2021-12-31 12:33:57';(NULL,'STP','Sao Tome and Principe','//upload.wikimedia.org/wikipedia/commons/4/4f/Flag_of_Sao_Tome_and_Principe.svg', '2021-12-31 12:33:57', '2021-12-31 12:33:57'),;;
SAU;Saudi Arabia;//upload.wikimedia.org/wikipedia/commons/0/0d/Flag_of_Saudi_Arabia.svg;, '2021-12-31 12:33:57',; '2021-12-31 12:33:57';(NULL,'SAU','Saudi Arabia','//upload.wikimedia.org/wikipedia/commons/0/0d/Flag_of_Saudi_Arabia.svg', '2021-12-31 12:33:57', '2021-12-31 12:33:57'),;;
SEN;Senegal;//upload.wikimedia.org/wikipedia/commons/f/fd/Flag_of_Senegal.svg;, '2021-12-31 12:33:57',; '2021-12-31 12:33:57';(NULL,'SEN','Senegal','//upload.wikimedia.org/wikipedia/commons/f/fd/Flag_of_Senegal.svg', '2021-12-31 12:33:57', '2021-12-31 12:33:57'),;;
SRB;Serbia;//upload.wikimedia.org/wikipedia/commons/f/ff/Flag_of_Serbia.svg;, '2021-12-31 12:33:57',; '2021-12-31 12:33:57';(NULL,'SRB','Serbia','//upload.wikimedia.org/wikipedia/commons/f/ff/Flag_of_Serbia.svg', '2021-12-31 12:33:57', '2021-12-31 12:33:57'),;;
SYC;Seychelles;//upload.wikimedia.org/wikipedia/commons/f/fc/Flag_of_Seychelles.svg;, '2021-12-31 12:33:57',; '2021-12-31 12:33:57';(NULL,'SYC','Seychelles','//upload.wikimedia.org/wikipedia/commons/f/fc/Flag_of_Seychelles.svg', '2021-12-31 12:33:57', '2021-12-31 12:33:57'),;;
SLE;Sierra Leone;//upload.wikimedia.org/wikipedia/commons/1/17/Flag_of_Sierra_Leone.svg;, '2021-12-31 12:33:57',; '2021-12-31 12:33:57';(NULL,'SLE','Sierra Leone','//upload.wikimedia.org/wikipedia/commons/1/17/Flag_of_Sierra_Leone.svg', '2021-12-31 12:33:57', '2021-12-31 12:33:57'),;;
SGP;Singapore;//upload.wikimedia.org/wikipedia/commons/4/48/Flag_of_Singapore.svg;, '2021-12-31 12:33:57',; '2021-12-31 12:33:57';(NULL,'SGP','Singapore','//upload.wikimedia.org/wikipedia/commons/4/48/Flag_of_Singapore.svg', '2021-12-31 12:33:57', '2021-12-31 12:33:57'),;;
SXM;Sint Maarten (Dutch part);//upload.wikimedia.org/wikipedia/commons/d/d3/Flag_of_Sint_Maarten.svg;, '2021-12-31 12:33:57',; '2021-12-31 12:33:57';(NULL,'SXM','Sint Maarten (Dutch part)','//upload.wikimedia.org/wikipedia/commons/d/d3/Flag_of_Sint_Maarten.svg', '2021-12-31 12:33:57', '2021-12-31 12:33:57'),;;
SVK;Slovakia;//upload.wikimedia.org/wikipedia/commons/e/e6/Flag_of_Slovakia.svg;, '2021-12-31 12:33:57',; '2021-12-31 12:33:57';(NULL,'SVK','Slovakia','//upload.wikimedia.org/wikipedia/commons/e/e6/Flag_of_Slovakia.svg', '2021-12-31 12:33:57', '2021-12-31 12:33:57'),;;
SVN;Slovenia;//upload.wikimedia.org/wikipedia/commons/f/f0/Flag_of_Slovenia.svg;, '2021-12-31 12:33:57',; '2021-12-31 12:33:57';(NULL,'SVN','Slovenia','//upload.wikimedia.org/wikipedia/commons/f/f0/Flag_of_Slovenia.svg', '2021-12-31 12:33:57', '2021-12-31 12:33:57'),;;
SLB;Solomon Islands;//upload.wikimedia.org/wikipedia/commons/7/74/Flag_of_the_Solomon_Islands.svg;, '2021-12-31 12:33:57',; '2021-12-31 12:33:57';(NULL,'SLB','Solomon Islands','//upload.wikimedia.org/wikipedia/commons/7/74/Flag_of_the_Solomon_Islands.svg', '2021-12-31 12:33:57', '2021-12-31 12:33:57'),;;
SOM;Somalia;//upload.wikimedia.org/wikipedia/commons/a/a0/Flag_of_Somalia.svg;, '2021-12-31 12:33:57',; '2021-12-31 12:33:57';(NULL,'SOM','Somalia','//upload.wikimedia.org/wikipedia/commons/a/a0/Flag_of_Somalia.svg', '2021-12-31 12:33:57', '2021-12-31 12:33:57'),;;
ZAF;South Africa;//upload.wikimedia.org/wikipedia/commons/a/af/Flag_of_South_Africa.svg;, '2021-12-31 12:33:57',; '2021-12-31 12:33:57';(NULL,'ZAF','South Africa','//upload.wikimedia.org/wikipedia/commons/a/af/Flag_of_South_Africa.svg', '2021-12-31 12:33:57', '2021-12-31 12:33:57'),;;
SGS;South Georgia and the South Sandwich Islands;//upload.wikimedia.org/wikipedia/commons/e/ed/Flag_of_South_Georgia_and_the_South_Sandwich_Islands.svg;, '2021-12-31 12:33:57',; '2021-12-31 12:33:57';(NULL,'SGS','South Georgia and the South Sandwich Islands','//upload.wikimedia.org/wikipedia/commons/e/ed/Flag_of_South_Georgia_and_the_South_Sandwich_Islands.svg', '2021-12-31 12:33:57', '2021-12-31 12:33:57'),;;
SSD;South Sudan;//upload.wikimedia.org/wikipedia/commons/7/7a/Flag_of_South_Sudan.svg;, '2021-12-31 12:33:57',; '2021-12-31 12:33:57';(NULL,'SSD','South Sudan','//upload.wikimedia.org/wikipedia/commons/7/7a/Flag_of_South_Sudan.svg', '2021-12-31 12:33:57', '2021-12-31 12:33:57'),;;
ESP;Spain;//upload.wikimedia.org/wikipedia/en/9/9a/Flag_of_Spain.svg;, '2021-12-31 12:33:57',; '2021-12-31 12:33:57';(NULL,'ESP','Spain','//upload.wikimedia.org/wikipedia/en/9/9a/Flag_of_Spain.svg', '2021-12-31 12:33:57', '2021-12-31 12:33:57'),;;
LKA;Sri Lanka;//upload.wikimedia.org/wikipedia/commons/1/11/Flag_of_Sri_Lanka.svg;, '2021-12-31 12:33:57',; '2021-12-31 12:33:57';(NULL,'LKA','Sri Lanka','//upload.wikimedia.org/wikipedia/commons/1/11/Flag_of_Sri_Lanka.svg', '2021-12-31 12:33:57', '2021-12-31 12:33:57'),;;
SDN;Sudan;//upload.wikimedia.org/wikipedia/commons/0/01/Flag_of_Sudan.svg;, '2021-12-31 12:33:57',; '2021-12-31 12:33:57';(NULL,'SDN','Sudan','//upload.wikimedia.org/wikipedia/commons/0/01/Flag_of_Sudan.svg', '2021-12-31 12:33:57', '2021-12-31 12:33:57'),;;
SUR;Suriname;//upload.wikimedia.org/wikipedia/commons/6/60/Flag_of_Suriname.svg;, '2021-12-31 12:33:57',; '2021-12-31 12:33:57';(NULL,'SUR','Suriname','//upload.wikimedia.org/wikipedia/commons/6/60/Flag_of_Suriname.svg', '2021-12-31 12:33:57', '2021-12-31 12:33:57'),;;
SWZ;Swaziland;//upload.wikimedia.org/wikipedia/commons/1/1e/Flag_of_Swaziland.svg;, '2021-12-31 12:33:57',; '2021-12-31 12:33:57';(NULL,'SWZ','Swaziland','//upload.wikimedia.org/wikipedia/commons/1/1e/Flag_of_Swaziland.svg', '2021-12-31 12:33:57', '2021-12-31 12:33:57'),;;
SWE;Sweden;//upload.wikimedia.org/wikipedia/en/4/4c/Flag_of_Sweden.svg;, '2021-12-31 12:33:57',; '2021-12-31 12:33:57';(NULL,'SWE','Sweden','//upload.wikimedia.org/wikipedia/en/4/4c/Flag_of_Sweden.svg', '2021-12-31 12:33:57', '2021-12-31 12:33:57'),;;
CHE;Switzerland;//upload.wikimedia.org/wikipedia/commons/0/08/Flag_of_Switzerland_%28Pantone%29.svg;, '2021-12-31 12:33:57',; '2021-12-31 12:33:57';(NULL,'CHE','Switzerland','//upload.wikimedia.org/wikipedia/commons/0/08/Flag_of_Switzerland_%28Pantone%29.svg', '2021-12-31 12:33:57', '2021-12-31 12:33:57'),;;
SYR;Syrian Arab Republic;//upload.wikimedia.org/wikipedia/commons/5/53/Flag_of_Syria.svg;, '2021-12-31 12:33:57',; '2021-12-31 12:33:57';(NULL,'SYR','Syrian Arab Republic','//upload.wikimedia.org/wikipedia/commons/5/53/Flag_of_Syria.svg', '2021-12-31 12:33:57', '2021-12-31 12:33:57'),;;
TWN;Taiwan;//upload.wikimedia.org/wikipedia/commons/7/72/Flag_of_the_Republic_of_China.svg;, '2021-12-31 12:33:57',; '2021-12-31 12:33:57';(NULL,'TWN','Taiwan','//upload.wikimedia.org/wikipedia/commons/7/72/Flag_of_the_Republic_of_China.svg', '2021-12-31 12:33:57', '2021-12-31 12:33:57'),;;
TJK;Tajikistan;//upload.wikimedia.org/wikipedia/commons/d/d0/Flag_of_Tajikistan.svg;, '2021-12-31 12:33:57',; '2021-12-31 12:33:57';(NULL,'TJK','Tajikistan','//upload.wikimedia.org/wikipedia/commons/d/d0/Flag_of_Tajikistan.svg', '2021-12-31 12:33:57', '2021-12-31 12:33:57'),;;
TZA;Tanzania - United Republic of;//upload.wikimedia.org/wikipedia/commons/3/38/Flag_of_Tanzania.svg;, '2021-12-31 12:33:57',; '2021-12-31 12:33:57';(NULL,'TZA','Tanzania - United Republic of','//upload.wikimedia.org/wikipedia/commons/3/38/Flag_of_Tanzania.svg', '2021-12-31 12:33:57', '2021-12-31 12:33:57'),;;
THA;Thailand;//upload.wikimedia.org/wikipedia/commons/a/a9/Flag_of_Thailand.svg;, '2021-12-31 12:33:57',; '2021-12-31 12:33:57';(NULL,'THA','Thailand','//upload.wikimedia.org/wikipedia/commons/a/a9/Flag_of_Thailand.svg', '2021-12-31 12:33:57', '2021-12-31 12:33:57'),;;
TLS;Timor-Leste;//upload.wikimedia.org/wikipedia/commons/2/26/Flag_of_East_Timor.svg;, '2021-12-31 12:33:57',; '2021-12-31 12:33:57';(NULL,'TLS','Timor-Leste','//upload.wikimedia.org/wikipedia/commons/2/26/Flag_of_East_Timor.svg', '2021-12-31 12:33:57', '2021-12-31 12:33:57'),;;
TGO;Togo;//upload.wikimedia.org/wikipedia/commons/6/68/Flag_of_Togo.svg;, '2021-12-31 12:33:57',; '2021-12-31 12:33:57';(NULL,'TGO','Togo','//upload.wikimedia.org/wikipedia/commons/6/68/Flag_of_Togo.svg', '2021-12-31 12:33:57', '2021-12-31 12:33:57'),;;
TKL;Tokelau;//upload.wikimedia.org/wikipedia/commons/8/8e/Flag_of_Tokelau.svg;, '2021-12-31 12:33:57',; '2021-12-31 12:33:57';(NULL,'TKL','Tokelau','//upload.wikimedia.org/wikipedia/commons/8/8e/Flag_of_Tokelau.svg', '2021-12-31 12:33:57', '2021-12-31 12:33:57'),;;
TON;Tonga;//upload.wikimedia.org/wikipedia/commons/9/9a/Flag_of_Tonga.svg;, '2021-12-31 12:33:57',; '2021-12-31 12:33:57';(NULL,'TON','Tonga','//upload.wikimedia.org/wikipedia/commons/9/9a/Flag_of_Tonga.svg', '2021-12-31 12:33:57', '2021-12-31 12:33:57'),;;
TTO;Trinidad and Tobago;//upload.wikimedia.org/wikipedia/commons/6/64/Flag_of_Trinidad_and_Tobago.svg;, '2021-12-31 12:33:57',; '2021-12-31 12:33:57';(NULL,'TTO','Trinidad and Tobago','//upload.wikimedia.org/wikipedia/commons/6/64/Flag_of_Trinidad_and_Tobago.svg', '2021-12-31 12:33:57', '2021-12-31 12:33:57'),;;
TUN;Tunisia;//upload.wikimedia.org/wikipedia/commons/c/ce/Flag_of_Tunisia.svg;, '2021-12-31 12:33:57',; '2021-12-31 12:33:57';(NULL,'TUN','Tunisia','//upload.wikimedia.org/wikipedia/commons/c/ce/Flag_of_Tunisia.svg', '2021-12-31 12:33:57', '2021-12-31 12:33:57'),;;
TUR;Turkey;//upload.wikimedia.org/wikipedia/commons/b/b4/Flag_of_Turkey.svg;, '2021-12-31 12:33:57',; '2021-12-31 12:33:57';(NULL,'TUR','Turkey','//upload.wikimedia.org/wikipedia/commons/b/b4/Flag_of_Turkey.svg', '2021-12-31 12:33:57', '2021-12-31 12:33:57'),;;
TKM;Turkmenistan;//upload.wikimedia.org/wikipedia/commons/1/1b/Flag_of_Turkmenistan.svg;, '2021-12-31 12:33:57',; '2021-12-31 12:33:57';(NULL,'TKM','Turkmenistan','//upload.wikimedia.org/wikipedia/commons/1/1b/Flag_of_Turkmenistan.svg', '2021-12-31 12:33:57', '2021-12-31 12:33:57'),;;
TCA;Turks and Caicos Islands;//upload.wikimedia.org/wikipedia/commons/a/a0/Flag_of_the_Turks_and_Caicos_Islands.svg;, '2021-12-31 12:33:57',; '2021-12-31 12:33:57';(NULL,'TCA','Turks and Caicos Islands','//upload.wikimedia.org/wikipedia/commons/a/a0/Flag_of_the_Turks_and_Caicos_Islands.svg', '2021-12-31 12:33:57', '2021-12-31 12:33:57'),;;
TUV;Tuvalu;//upload.wikimedia.org/wikipedia/commons/3/38/Flag_of_Tuvalu.svg;, '2021-12-31 12:33:57',; '2021-12-31 12:33:57';(NULL,'TUV','Tuvalu','//upload.wikimedia.org/wikipedia/commons/3/38/Flag_of_Tuvalu.svg', '2021-12-31 12:33:57', '2021-12-31 12:33:57'),;;
UGA;Uganda;//upload.wikimedia.org/wikipedia/commons/4/4e/Flag_of_Uganda.svg;, '2021-12-31 12:33:57',; '2021-12-31 12:33:57';(NULL,'UGA','Uganda','//upload.wikimedia.org/wikipedia/commons/4/4e/Flag_of_Uganda.svg', '2021-12-31 12:33:57', '2021-12-31 12:33:57'),;;
UKR;Ukraine;//upload.wikimedia.org/wikipedia/commons/4/49/Flag_of_Ukraine.svg;, '2021-12-31 12:33:57',; '2021-12-31 12:33:57';(NULL,'UKR','Ukraine','//upload.wikimedia.org/wikipedia/commons/4/49/Flag_of_Ukraine.svg', '2021-12-31 12:33:57', '2021-12-31 12:33:57'),;;
ARE;United Arab Emirates;//upload.wikimedia.org/wikipedia/commons/c/cb/Flag_of_the_United_Arab_Emirates.svg;, '2021-12-31 12:33:57',; '2021-12-31 12:33:57';(NULL,'ARE','United Arab Emirates','//upload.wikimedia.org/wikipedia/commons/c/cb/Flag_of_the_United_Arab_Emirates.svg', '2021-12-31 12:33:57', '2021-12-31 12:33:57'),;;
GBR;United Kingdom;//upload.wikimedia.org/wikipedia/en/a/ae/Flag_of_the_United_Kingdom.svg;, '2021-12-31 12:33:57',; '2021-12-31 12:33:57';(NULL,'GBR','United Kingdom','//upload.wikimedia.org/wikipedia/en/a/ae/Flag_of_the_United_Kingdom.svg', '2021-12-31 12:33:57', '2021-12-31 12:33:57'),;;
USA;United States;//upload.wikimedia.org/wikipedia/en/a/a4/Flag_of_the_United_States.svg;, '2021-12-31 12:33:57',; '2021-12-31 12:33:57';(NULL,'USA','United States','//upload.wikimedia.org/wikipedia/en/a/a4/Flag_of_the_United_States.svg', '2021-12-31 12:33:57', '2021-12-31 12:33:57'),;;
UMI;United States Minor Outlying Islands;//upload.wikimedia.org/wikipedia/en/a/a4/Flag_of_the_United_States.svg;, '2021-12-31 12:33:57',; '2021-12-31 12:33:57';(NULL,'UMI','United States Minor Outlying Islands','//upload.wikimedia.org/wikipedia/en/a/a4/Flag_of_the_United_States.svg', '2021-12-31 12:33:57', '2021-12-31 12:33:57'),;;
URY;Uruguay;//upload.wikimedia.org/wikipedia/commons/f/fe/Flag_of_Uruguay.svg;, '2021-12-31 12:33:57',; '2021-12-31 12:33:57';(NULL,'URY','Uruguay','//upload.wikimedia.org/wikipedia/commons/f/fe/Flag_of_Uruguay.svg', '2021-12-31 12:33:57', '2021-12-31 12:33:57'),;;
UZB;Uzbekistan;//upload.wikimedia.org/wikipedia/commons/8/84/Flag_of_Uzbekistan.svg;, '2021-12-31 12:33:57',; '2021-12-31 12:33:57';(NULL,'UZB','Uzbekistan','//upload.wikimedia.org/wikipedia/commons/8/84/Flag_of_Uzbekistan.svg', '2021-12-31 12:33:57', '2021-12-31 12:33:57'),;;
VUT;Vanuatu;//upload.wikimedia.org/wikipedia/commons/b/bc/Flag_of_Vanuatu.svg;, '2021-12-31 12:33:57',; '2021-12-31 12:33:57';(NULL,'VUT','Vanuatu','//upload.wikimedia.org/wikipedia/commons/b/bc/Flag_of_Vanuatu.svg', '2021-12-31 12:33:57', '2021-12-31 12:33:57'),;;
VEN;Venezuela - Bolivarian Republic of;//upload.wikimedia.org/wikipedia/commons/0/06/Flag_of_Venezuela.svg;, '2021-12-31 12:33:57',; '2021-12-31 12:33:57';(NULL,'VEN','Venezuela - Bolivarian Republic of','//upload.wikimedia.org/wikipedia/commons/0/06/Flag_of_Venezuela.svg', '2021-12-31 12:33:57', '2021-12-31 12:33:57'),;;
VNM;Viet Nam;//upload.wikimedia.org/wikipedia/commons/2/21/Flag_of_Vietnam.svg;, '2021-12-31 12:33:57',; '2021-12-31 12:33:57';(NULL,'VNM','Viet Nam','//upload.wikimedia.org/wikipedia/commons/2/21/Flag_of_Vietnam.svg', '2021-12-31 12:33:57', '2021-12-31 12:33:57'),;;
VGB;Virgin Islands - British;//upload.wikimedia.org/wikipedia/commons/4/42/Flag_of_the_British_Virgin_Islands.svg;, '2021-12-31 12:33:57',; '2021-12-31 12:33:57';(NULL,'VGB','Virgin Islands - British','//upload.wikimedia.org/wikipedia/commons/4/42/Flag_of_the_British_Virgin_Islands.svg', '2021-12-31 12:33:57', '2021-12-31 12:33:57'),;;
VIR;Virgin Islands - U.S.;//upload.wikimedia.org/wikipedia/commons/f/f8/Flag_of_the_United_States_Virgin_Islands.svg;, '2021-12-31 12:33:57',; '2021-12-31 12:33:57';(NULL,'VIR','Virgin Islands - U.S.','//upload.wikimedia.org/wikipedia/commons/f/f8/Flag_of_the_United_States_Virgin_Islands.svg', '2021-12-31 12:33:57', '2021-12-31 12:33:57'),;;
WLF;Wallis and Futuna;//upload.wikimedia.org/wikipedia/commons/d/d2/Flag_of_Wallis_and_Futuna.svg;, '2021-12-31 12:33:57',; '2021-12-31 12:33:57';(NULL,'WLF','Wallis and Futuna','//upload.wikimedia.org/wikipedia/commons/d/d2/Flag_of_Wallis_and_Futuna.svg', '2021-12-31 12:33:57', '2021-12-31 12:33:57'),;;
YEM;Yemen;//upload.wikimedia.org/wikipedia/commons/8/89/Flag_of_Yemen.svg;, '2021-12-31 12:33:57',; '2021-12-31 12:33:57';(NULL,'YEM','Yemen','//upload.wikimedia.org/wikipedia/commons/8/89/Flag_of_Yemen.svg', '2021-12-31 12:33:57', '2021-12-31 12:33:57'),;;
ZMB;Zambia;//upload.wikimedia.org/wikipedia/commons/0/06/Flag_of_Zambia.svg;, '2021-12-31 12:33:57',; '2021-12-31 12:33:57';(NULL,'ZMB','Zambia','//upload.wikimedia.org/wikipedia/commons/0/06/Flag_of_Zambia.svg', '2021-12-31 12:33:57', '2021-12-31 12:33:57'),;;
ZWE;Zimbabwe;//upload.wikimedia.org/wikipedia/commons/6/6a/Flag_of_Zimbabwe.svg;, '2021-12-31 12:33:57',; '2021-12-31 12:33:57';(NULL,'ZWE','Zimbabwe','//upload.wikimedia.org/wikipedia/commons/6/6a/Flag_of_Zimbabwe.svg', '2021-12-31 12:33:57', '2021-12-31 12:33:57'),;;
